ZipCode,Count
10027,2
10035,2
10306,4
10312,4
10541,2
10598,2
10920,2
10952,2
11003,2
11570,2
11772,4
12345,4
12550,2
12586,2
13077,2
14075,12
14085,4
14086,20
14094,18
14150,10
14224,8
14226,8
14227,6
14424,2
14450,4
14468,2
14564,4
14624,2
14626,10
15001,10
15003,4
15025,8
15044,12
15057,8
15062,2
15067,2
15074,8
15083,2
15084,8
15090,10
15101,12
15106,6
15116,14
15120,6
15122,6
15126,2
15137,8
15143,14
15146,6
15201,2
15205,4
15210,4
15213,2
15215,6
15216,12
15220,2
15227,10
15236,6
15237,14
15238,4
15239,6
15243,2
15301,20
15317,4
15333,4
15350,2
15367,8
15401,14
15410,2
15427,2
15456,2
15461,4
15480,2
15601,12
15613,2
15642,16
15655,2
15666,8
15679,2
15701,6
15717,2
15801,8
15926,2
16001,20
16046,14
16066,16
16121,4
16125,2
16137,6
16146,4
16159,6
16229,4
16510,6
16601,10
16827,6
17011,2
17013,6
17015,12
17018,2
17019,2
17022,12
17025,10
17033,4
17050,18
17051,2
17067,2
17109,6
17110,4
17111,6
17112,2
17201,6
17202,12
17222,4
17257,10
17268,14
17313,4
17318,2
17322,4
17327,2
17339,6
17345,12
17347,6
17349,4
17356,10
17362,2
17368,4
17370,4
17404,8
17406,10
17517,2
17519,8
17522,18
17538,4
17543,8
17551,8
17603,20
17728,2
17752,2
17821,4
17837,2
17857,2
17870,8
18015,4
18045,2
18052,6
18058,2
18062,2
18064,4
18092,4
18214,4
18321,2
18326,4
18411,6
18447,2
18452,4
18504,4
18642,6
18643,2
18708,2
18914,8
18925,2
18940,6
18951,14
18954,4
18964,10
18966,6
19001,8
19002,10
19006,6
19015,14
19018,2
19020,10
19033,8
19046,2
19047,8
19053,4
19057,6
19063,12
19064,4
19067,14
19073,4
19078,4
19087,8
19317,8
19320,32
19330,2
19333,4
19335,12
19344,14
19350,2
19355,8
19363,12
19382,28
19401,8
19405,2
19406,4
19422,6
19425,4
19426,8
19438,6
19446,10
19464,2
19520,2
19606,12
19608,6
19609,4
19610,4
19702,6
19709,12
19734,4
19803,8
19805,4
19808,18
19810,18
19904,12
19933,4
19934,4
19952,4
19953,2
20009,2
20105,2
20132,6
20147,8
20148,12
20165,4
20170,4
20175,6
20619,6
20634,4
20636,2
20657,16
20685,4
20743,2
20784,2
21012,18
21014,12
21017,2
21043,12
21047,4
21060,14
21061,38
21078,8
21087,6
21090,12
21108,4
21113,10
21122,6
21128,18
21144,14
21146,2
21161,2
21208,10
21209,16
21220,20
21221,14
21222,34
21224,6
21225,6
21228,6
21230,8
21234,16
21236,12
21403,8
21636,2
21740,14
21742,8
21771,20
21774,4
21787,6
21804,6
21842,8
21921,22
22003,4
22025,2
22030,6
22060,2
22101,4
22193,6
22206,2
22310,2
22405,6
22406,6
22407,12
22408,4
22443,2
22520,4
22546,4
22556,10
22603,6
22611,2
22840,4
22901,6
22902,6
23002,8
23005,14
23015,2
23024,4
23083,2
23089,6
23111,14
23112,38
23113,14
23114,8
23139,26
23150,2
23185,12
23188,22
23192,2
23220,2
23223,6
23226,6
23227,2
23228,6
23231,6
23235,20
23236,14
23320,26
23322,32
23323,28
23435,6
23437,4
23451,22
23452,26
23453,10
23454,20
23455,16
23456,26
23462,26
23503,10
23509,2
23510,2
23601,6
23602,6
23605,2
23607,2
23608,2
23665,2
23692,8
23693,2
23703,12
23707,16
23824,4
23831,4
23832,14
23834,14
23930,2
24014,8
24015,2
24018,14
24019,4
24060,18
24085,6
24104,2
24127,2
24153,16
24174,2
24202,6
24212,2
24219,4
24273,4
24279,6
24293,2
24502,24
24517,4
24522,16
24531,6
24540,4
24550,6
24551,12
24572,10
24590,2
24593,2
24649,2
24656,2
25302,2
25303,4
25403,4
25405,4
25428,6
25526,14
26003,14
26041,12
26070,4
26101,8
26104,8
26105,6
26150,2
26155,4
26301,6
27006,14
27018,4
27021,14
27023,6
27028,12
27041,2
27048,4
27055,10
27103,16
27104,18
27105,12
27106,22
27107,14
27127,12
27203,2
27205,12
27215,12
27243,2
27253,6
27265,18
27278,2
27282,12
27283,2
27284,28
27292,20
27295,28
27302,12
27312,10
27330,12
27341,4
27350,2
27357,4
27358,6
27360,28
27370,2
27376,4
27403,12
27406,18
27407,10
27408,16
27409,6
27410,24
27455,18
27501,10
27502,30
27504,6
27510,2
27511,6
27513,24
27514,4
27516,12
27517,14
27519,28
27520,16
27523,16
27526,22
27527,10
27529,12
27530,8
27534,6
27539,8
27540,16
27545,4
27560,24
27562,2
27573,4
27581,2
27587,36
27592,16
27596,12
27603,26
27604,6
27606,22
27609,10
27610,10
27612,14
27613,4
27614,32
27615,20
27616,22
27703,8
27704,8
27707,8
27712,10
27803,6
27834,12
27858,8
27870,6
27884,4
27889,4
27906,2
27909,8
27939,2
27944,6
27949,4
27959,2
28001,12
28025,20
28027,46
28031,44
28043,6
28052,14
28054,18
28056,26
28075,6
28078,30
28079,18
28080,4
28081,20
28086,6
28092,18
28098,8
28103,2
28104,18
28110,20
28112,22
28114,4
28115,16
28117,30
28120,10
28124,6
28125,2
28139,12
28144,12
28147,8
28150,8
28152,8
28164,6
28173,54
28202,8
28205,6
28209,4
28210,16
28211,12
28212,4
28213,6
28214,14
28215,14
28216,16
28226,18
28227,14
28262,22
28269,28
28270,12
28273,12
28277,46
28278,22
28305,2
28306,12
28307,4
28327,22
28348,12
28358,4
28369,2
28376,6
28379,6
28401,2
28403,26
28405,14
28409,22
28411,14
28412,38
28422,4
28429,4
28436,2
28443,26
28451,12
28460,4
28461,26
28462,12
28465,4
28467,10
28468,2
28479,6
28501,2
28516,10
28532,12
28540,16
28555,2
28562,6
28570,22
28578,4
28584,14
28590,6
28601,30
28602,10
28609,6
28613,6
28634,6
28645,20
28655,16
28658,8
28673,6
28677,12
28715,18
28721,2
28729,4
28730,4
28731,8
28734,14
28739,12
28761,6
28762,2
28779,4
28785,2
28787,20
28791,6
28803,14
28806,16
29001,2
29006,6
29009,2
29016,2
29020,8
29036,8
29061,6
29063,10
29070,4
29072,32
29078,4
29115,2
29150,12
29154,8
29170,6
29203,4
29210,4
29229,18
29301,12
29302,2
29303,16
29306,10
29316,20
29322,2
29323,16
29334,10
29341,8
29349,18
29356,2
29360,6
29365,12
29369,10
29385,4
29388,12
29405,2
29410,14
29412,14
29414,8
29420,4
29440,2
29455,8
29461,12
29464,22
29466,16
29483,18
29485,26
29486,8
29492,6
29501,8
29526,14
29527,18
29566,8
29575,10
29577,8
29579,18
29588,26
29601,6
29607,24
29609,8
29611,12
29615,14
29621,18
29625,24
29626,12
29630,12
29640,26
29642,30
29644,12
29645,2
29651,24
29654,8
29670,8
29671,16
29672,8
29673,16
29676,8
29678,8
29680,26
29681,30
29684,2
29687,24
29690,16
29691,4
29692,4
29693,8
29696,4
29702,10
29707,14
29708,40
29710,26
29715,18
29730,20
29732,20
29801,8
29803,22
29805,4
29829,2
29842,2
29845,2
29860,16
29907,4
29909,26
29910,18
29926,4
30004,20
30008,10
30009,2
30011,10
30012,2
30013,6
30014,4
30017,8
30022,18
30024,6
30025,2
30028,6
30033,8
30040,30
30041,30
30043,28
30044,24
30046,6
30047,12
30052,20
30058,8
30060,6
30062,28
30064,14
30066,30
30067,14
30068,22
30071,8
30075,12
30076,10
30078,6
30084,4
30087,2
30088,2
30092,10
30093,4
30094,14
30096,4
30097,10
30101,22
30102,22
30103,8
30104,4
30110,12
30112,2
30114,32
30115,34
30116,12
30117,14
30127,18
30132,42
30134,16
30135,16
30141,10
30143,20
30144,20
30145,2
30157,28
30168,2
30180,30
30187,4
30188,18
30189,12
30215,12
30223,8
30224,6
30233,26
30234,2
30240,16
30241,10
30248,10
30251,2
30252,28
30253,10
30256,2
30260,2
30265,26
30268,4
30269,26
30277,12
30281,30
30286,14
30290,4
30308,8
30311,2
30312,2
30318,10
30319,6
30322,2
30327,2
30328,4
30350,8
30458,8
30474,2
30501,4
30506,22
30513,10
30518,12
30519,24
30525,2
30528,14
30529,4
30534,6
30535,6
30540,6
30542,20
30548,18
30549,16
30559,2
30560,4
30577,6
30606,12
30607,4
30619,2
30621,4
30656,8
30673,2
30680,30
30720,10
30721,18
30728,6
30736,24
30741,12
30742,2
30755,8
30802,4
30809,42
30814,2
30815,4
30824,6
30904,2
30906,6
30907,16
30909,8
31005,16
31021,22
31029,6
31030,2
31033,4
31047,8
31052,10
31061,20
31069,10
31088,20
31093,16
31204,4
31206,8
31210,10
31211,4
31216,8
31313,16
31315,2
31320,2
31322,8
31324,24
31326,4
31405,2
31406,2
31407,8
31408,2
31410,8
31503,14
31522,8
31523,4
31525,6
31542,2
31558,2
31569,6
31602,6
31773,6
31792,10
31822,2
31827,2
31833,4
31901,2
31904,12
31906,6
31909,18
32003,14
32011,10
32025,4
32034,10
32043,14
32046,4
32055,2
32060,8
32065,14
32068,30
32084,10
32086,24
32092,14
32095,8
32132,4
32137,16
32141,8
32162,4
32164,4
32174,18
32193,2
32210,8
32211,4
32216,6
32218,6
32223,14
32224,12
32225,8
32226,6
32227,2
32244,20
32246,8
32250,6
32256,10
32258,16
32301,4
32303,12
32304,8
32308,8
32312,6
32348,2
32352,2
32407,6
32409,4
32413,16
32421,2
32439,12
32459,18
32461,2
32507,2
32536,6
32539,12
32541,8
32542,2
32547,2
32550,4
32571,8
32583,4
32605,8
32606,2
32608,14
32619,2
32701,8
32707,8
32708,20
32712,20
32720,10
32724,2
32725,10
32738,12
32746,26
32754,2
32757,14
32764,2
32765,18
32771,6
32773,6
32779,18
32780,10
32792,8
32804,2
32806,8
32807,12
32809,14
32810,6
32812,10
32817,8
32820,4
32821,8
32822,12
32824,8
32825,10
32826,2
32828,26
32829,14
32832,16
32835,10
32836,16
32856,2
32861,2
32907,8
32940,10
32958,4
32960,6
32962,8
32966,6
32967,2
33065,6
33067,8
33071,2
33154,2
33196,6
33316,8
33405,2
33412,4
33414,6
33418,8
33431,2
33434,6
33436,14
33437,6
33458,6
33461,2
33469,2
33472,2
33476,2
33484,4
33510,14
33523,2
33525,10
33540,2
33542,6
33543,12
33556,14
33558,22
33559,6
33563,8
33565,4
33566,4
33567,4
33569,16
33570,6
33572,6
33578,10
33584,6
33594,6
33602,2
33606,6
33610,2
33611,10
33613,12
33618,4
33624,12
33625,14
33626,10
33629,6
33634,2
33647,28
33701,8
33704,2
33705,2
33706,4
33707,10
33710,12
33711,4
33714,2
33760,2
33761,4
33764,2
33765,4
33772,14
33776,8
33801,6
33803,4
33810,10
33812,10
33813,12
33830,12
33859,12
33875,2
33880,4
33884,10
33897,2
33903,20
33904,10
33908,6
33912,4
33913,10
33914,10
33917,6
33919,18
33928,6
33947,12
33950,10
33954,8
33980,14
33981,18
33990,20
33991,10
33993,20
34108,2
34110,6
34112,8
34113,4
34116,6
34135,8
34142,4
34202,22
34203,6
34209,2
34219,8
34222,6
34223,12
34229,2
34231,10
34232,10
34237,6
34238,10
34239,4
34240,12
34241,10
34243,10
34266,10
34285,12
34286,12
34291,8
34292,12
34293,32
34429,2
34432,2
34446,6
34448,2
34450,2
34470,12
34473,8
34481,10
34606,10
34608,10
34609,10
34610,6
34613,8
34637,4
34638,18
34639,8
34653,8
34654,6
34667,2
34668,4
34683,10
34684,8
34685,8
34688,8
34691,10
34695,6
34698,4
34711,32
34715,28
34743,8
34744,16
34748,10
34758,4
34759,12
34761,14
34769,6
34771,4
34772,12
34773,2
34786,18
34787,20
34952,10
34953,22
34957,12
34986,12
34987,18
34988,2
34990,10
34994,2
35040,12
35043,10
35054,10
35055,8
35058,12
35071,2
35080,14
35094,8
35096,4
35114,4
35121,2
35124,12
35125,10
35131,4
35147,2
35160,6
35171,2
35173,10
35180,6
35206,2
35216,14
35226,20
35242,14
35244,10
35401,16
35453,10
35475,4
35501,6
35504,2
35540,4
35541,2
35578,6
35603,2
35613,6
35616,4
35619,2
35630,2
35645,4
35661,8
35749,8
35750,10
35756,10
35757,6
35758,34
35761,6
35763,10
35803,10
35805,8
35811,12
35901,2
35903,2
35907,6
35953,4
35954,4
35974,2
35976,12
35979,2
36035,2
36091,2
36278,2
36280,2
36303,2
36344,2
36360,4
36376,2
36526,4
36535,8
36606,2
36618,4
36695,14
36801,8
36804,16
36830,16
36831,2
36832,6
36854,8
36879,2
37013,18
37015,14
37018,4
37022,4
37025,8
37036,4
37037,12
37040,20
37042,22
37043,26
37046,4
37055,18
37062,20
37064,22
37066,38
37067,10
37069,18
37073,12
37075,30
37076,14
37082,4
37086,20
37087,18
37091,10
37101,2
37110,10
37122,38
37127,6
37128,22
37129,32
37130,14
37135,10
37153,4
37160,10
37166,4
37167,24
37172,22
37174,18
37175,2
37179,10
37186,4
37187,4
37188,20
37205,16
37206,8
37207,6
37209,12
37210,4
37211,12
37214,4
37216,2
37218,4
37221,12
37301,2
37309,2
37310,2
37311,10
37312,10
37331,4
37334,4
37341,10
37343,26
37352,2
37354,8
37355,20
37362,4
37363,10
37374,2
37377,12
37379,16
37381,4
37388,24
37397,2
37398,10
37404,4
37415,4
37416,8
37421,8
37601,10
37604,14
37618,6
37620,12
37663,6
37664,8
37681,2
37683,4
37686,8
37705,2
37708,4
37711,4
37714,4
37716,30
37725,18
37742,6
37745,8
37748,10
37760,4
37763,12
37766,2
37769,2
37772,4
37774,10
37801,24
37803,24
37806,4
37813,6
37814,10
37820,8
37821,16
37830,18
37849,6
37853,6
37854,8
37862,8
37865,10
37868,4
37871,4
37876,18
37877,20
37882,4
37918,24
37919,10
37920,28
37921,8
37922,32
37923,20
37924,18
37931,16
37934,14
37950,2
37996,2
38016,6
38018,2
38053,6
38063,2
38125,4
38138,8
38139,4
38201,2
38305,8
38315,4
38401,30
38451,4
38464,10
38482,6
38501,16
38551,2
38555,10
38557,2
38565,2
38574,6
38581,2
38583,2
38671,4
38674,2
40004,10
40007,4
40031,10
40047,14
40065,10
40067,4
40071,8
40108,2
40165,22
40203,4
40204,6
40207,26
40214,10
40216,12
40217,4
40218,6
40220,8
40222,8
40223,6
40229,14
40241,12
40242,12
40245,8
40258,4
40272,8
40280,2
40291,12
40299,30
40312,6
40322,2
40324,26
40337,4
40351,12
40353,14
40356,34
40358,2
40360,6
40361,4
40390,4
40391,16
40403,38
40437,2
40444,10
40447,8
40475,18
40503,28
40505,8
40508,8
40509,16
40511,10
40513,6
40515,24
40517,22
40601,30
40701,8
40740,4
40741,6
40915,4
41005,14
41011,10
41017,8
41041,8
41042,34
41046,4
41048,22
41049,4
41051,30
41071,14
41074,2
41075,8
41076,14
41091,8
41095,4
41101,8
41501,4
42001,6
42027,2
42055,2
42101,22
42103,12
42104,20
42134,2
42141,20
42164,4
42206,6
42240,10
42301,12
42303,16
42348,2
42351,2
42366,8
42501,4
42567,4
42701,28
42702,2
42733,2
43003,2
43004,14
43013,2
43015,36
43016,22
43017,34
43021,6
43022,8
43026,24
43031,16
43035,20
43040,14
43044,12
43050,6
43054,22
43055,40
43056,14
43062,22
43064,16
43065,38
43068,26
43078,20
43081,20
43085,10
43102,6
43105,4
43110,22
43112,8
43113,16
43119,14
43123,40
43125,4
43128,2
43130,20
43136,4
43138,18
43140,8
43146,2
43147,16
43157,4
43160,18
43204,26
43207,30
43209,10
43211,4
43212,14
43213,10
43221,6
43223,14
43224,6
43228,30
43229,30
43230,22
43231,10
43232,12
43235,26
43302,28
43310,4
43311,12
43326,12
43334,12
43351,2
43402,18
43420,10
43431,4
43469,2
43502,2
43512,12
43526,4
43537,12
43549,2
43551,28
43560,12
43567,12
43569,2
43571,8
43605,6
43606,10
43607,8
43611,12
43612,20
43613,18
43614,16
43615,14
43619,4
43623,12
43701,26
43762,4
43783,6
43824,2
43901,2
43912,2
43933,2
43950,12
43952,2
44001,14
44003,2
44004,8
44012,10
44017,10
44024,2
44035,28
44039,20
44041,16
44053,6
44054,12
44055,4
44057,14
44060,32
44067,14
44087,16
44092,10
44102,8
44106,2
44107,24
44109,14
44111,12
44116,10
44118,2
44125,10
44129,8
44130,34
44133,16
44134,18
44135,4
44142,8
44144,12
44145,14
44146,4
44147,16
44149,6
44202,20
44203,26
44212,26
44215,6
44216,6
44221,10
44224,22
44231,8
44236,24
44240,18
44255,4
44256,26
44262,6
44264,2
44273,10
44280,2
44281,6
44301,4
44312,6
44313,6
44314,6
44319,6
44320,4
44333,8
44403,2
44406,16
44408,10
44410,8
44413,2
44432,4
44440,4
44446,10
44460,16
44471,6
44483,14
44514,12
44515,14
44601,14
44612,4
44622,6
44632,4
44646,18
44647,10
44654,6
44663,16
44683,8
44685,14
44688,4
44691,14
44703,4
44705,10
44706,14
44708,20
44709,6
44710,2
44714,6
44720,24
44805,12
44833,6
44851,6
44857,4
44883,16
44907,4
45002,10
45005,14
45011,34
45014,20
45030,12
45036,24
45039,18
45040,38
45044,20
45056,18
45067,20
45068,8
45069,22
45101,2
45102,14
45103,22
45106,10
45118,4
45120,4
45133,16
45140,46
45142,2
45150,14
45152,10
45153,2
45158,2
45164,2
45168,2
45169,4
45176,12
45177,26
45208,16
45209,6
45211,8
45215,14
45219,6
45224,14
45229,4
45230,20
45233,12
45236,34
45238,16
45239,8
45240,8
45242,22
45243,10
45244,16
45245,14
45246,8
45248,8
45252,2
45255,14
45302,2
45303,4
45305,6
45320,8
45321,2
45322,14
45324,18
45341,2
45342,34
45344,16
45356,18
45371,16
45377,14
45381,4
45385,26
45414,16
45416,4
45424,30
45429,16
45430,4
45431,14
45439,12
45440,18
45458,26
45502,24
45503,26
45504,14
45505,14
45601,22
45701,16
45724,2
45801,4
45804,6
45805,10
45806,10
45807,6
45814,4
45831,2
45836,4
45840,34
45843,2
45856,2
45863,4
45868,2
45869,2
45880,2
45895,8
46001,8
46012,10
46017,2
46030,2
46032,26
46033,14
46034,10
46037,28
46041,16
46050,2
46052,22
46055,6
46060,36
46062,26
46064,14
46077,14
46106,6
46107,12
46113,18
46122,12
46123,20
46128,2
46131,22
46135,14
46142,26
46143,34
46151,28
46157,8
46158,14
46168,24
46176,24
46181,8
46184,24
46203,16
46217,28
46218,8
46219,14
46220,24
46221,14
46224,16
46226,6
46227,44
46229,10
46235,18
46236,14
46237,34
46239,10
46241,22
46250,6
46259,8
46260,8
46268,4
46278,4
46280,6
46304,8
46307,24
46321,4
46324,6
46350,8
46360,32
46368,20
46373,10
46383,18
46385,12
46405,2
46410,4
46514,22
46516,12
46526,18
46528,18
46530,20
46544,26
46545,16
46546,2
46552,4
46562,4
46567,4
46571,2
46573,2
46580,6
46582,2
46614,14
46616,4
46703,8
46705,2
46706,8
46710,4
46714,16
46723,6
46725,22
46737,4
46743,4
46745,4
46747,2
46748,6
46750,26
46755,8
46767,2
46774,18
46787,6
46788,4
46793,10
46795,6
46797,4
46805,8
46806,10
46808,18
46809,10
46814,8
46815,28
46818,18
46825,26
46835,22
46845,16
46901,24
46902,8
46919,4
46928,4
46947,6
46953,8
46970,6
46989,4
46992,10
47024,4
47025,14
47031,4
47110,2
47111,8
47112,12
47117,2
47119,10
47122,2
47129,4
47136,2
47138,4
47150,22
47151,6
47161,6
47164,2
47170,4
47201,18
47203,14
47240,14
47302,16
47303,10
47304,12
47330,6
47331,10
47334,4
47342,2
47356,6
47357,2
47361,2
47362,14
47374,16
47396,6
47401,10
47404,10
47408,10
47524,2
47601,2
47630,20
47711,12
47712,6
47714,6
47802,20
47807,18
47834,12
47848,2
47872,6
47904,6
47905,16
47906,18
47909,18
47933,10
47951,2
48017,4
48025,8
48027,8
48035,4
48036,18
48038,18
48040,12
48042,18
48044,32
48045,10
48046,2
48047,18
48051,34
48054,4
48060,26
48066,16
48071,16
48072,8
48073,6
48076,4
48080,8
48082,4
48083,6
48084,6
48085,14
48089,6
48091,16
48094,8
48096,4
48103,18
48108,4
48111,8
48114,14
48116,8
48122,4
48124,8
48125,6
48126,2
48134,20
48135,16
48138,8
48141,2
48145,2
48146,20
48150,4
48152,6
48154,18
48161,6
48162,12
48165,10
48167,10
48168,8
48170,14
48173,4
48174,6
48178,20
48179,2
48180,36
48182,12
48183,10
48184,6
48185,14
48186,14
48188,18
48197,14
48210,2
48230,6
48236,8
48302,10
48304,10
48307,20
48309,14
48313,10
48315,14
48316,24
48317,8
48323,6
48324,6
48326,14
48327,12
48329,8
48331,8
48335,10
48342,6
48348,16
48371,16
48375,10
48380,4
48381,10
48382,14
48383,8
48386,4
48390,8
48393,8
48416,4
48420,6
48423,16
48428,8
48430,16
48433,6
48442,8
48444,16
48446,8
48450,4
48458,4
48462,4
48503,2
48504,6
48506,10
48507,6
48616,4
48706,8
48801,4
48813,10
48823,22
48827,10
48840,4
48843,26
48847,2
48854,8
48858,8
48861,2
48879,10
48883,4
48884,2
48910,8
48915,4
49001,6
49006,10
49009,14
49010,14
49014,8
49015,10
49022,8
49024,10
49028,2
49045,2
49046,12
49048,4
49055,2
49065,2
49070,6
49080,4
49083,10
49085,10
49091,8
49093,14
49097,6
49098,4
49107,6
49112,12
49113,2
49120,8
49201,20
49203,14
49221,12
49229,4
49230,8
49236,2
49247,4
49249,4
49256,2
49269,2
49286,14
49306,8
49315,24
49316,8
49321,6
49328,4
49330,8
49331,10
49337,4
49341,30
49345,12
49346,6
49401,18
49408,6
49415,4
49417,8
49418,14
49423,18
49424,30
49428,14
49441,16
49442,14
49456,10
49461,2
49464,16
49503,6
49505,10
49506,20
49507,8
49508,18
49509,12
49519,20
49525,8
49546,18
49548,16
49643,6
49735,8
49749,2
49770,10
49781,2
50010,18
50021,8
50023,20
50028,2
50047,2
50105,4
50111,6
50125,10
50131,4
50133,2
50152,2
50156,2
50158,22
50208,14
50211,14
50219,6
50226,2
50229,2
50250,2
50263,6
50265,28
50266,26
50278,2
50309,4
50310,22
50317,20
50325,8
50327,6
50401,26
50428,14
50461,2
50501,12
50569,2
50613,30
50638,2
50662,2
50665,2
50677,4
50702,12
50703,4
51106,6
51401,2
51448,2
51501,14
51503,8
51546,2
52001,14
52003,2
52228,4
52240,14
52242,4
52245,4
52302,16
52317,2
52339,4
52340,2
52402,10
52403,18
52404,14
52411,4
52501,10
52577,10
52588,2
52601,18
52632,4
52639,4
52640,2
52722,28
52732,8
52753,4
52761,20
52802,2
52804,8
52806,18
53005,6
53017,2
53018,2
53024,4
53027,14
53029,8
53034,2
53051,14
53066,18
53081,14
53083,2
53089,4
53092,6
53110,16
53115,14
53118,2
53128,4
53132,34
53140,12
53142,10
53143,6
53147,10
53149,4
53150,4
53151,14
53154,24
53158,2
53185,12
53186,8
53189,14
53191,4
53207,14
53208,6
53213,2
53215,6
53217,14
53219,12
53220,22
53221,6
53225,6
53226,4
53235,8
53405,4
53406,6
53520,6
53525,4
53532,2
53541,2
53545,6
53546,10
53548,6
53558,2
53562,8
53566,4
53576,4
53587,2
53590,8
53593,14
53597,10
53704,10
53711,22
53714,2
53717,2
53811,2
53913,2
54011,8
54017,16
54020,8
54025,12
54104,2
54165,4
54173,2
54208,2
54220,14
54228,2
54304,10
54410,2
54449,8
54455,8
54479,2
54481,2
54484,4
54601,38
54636,12
54650,14
54665,2
54669,10
54701,20
54703,14
54729,20
54740,2
54751,12
54757,6
54768,4
54772,4
54824,4
54837,6
54880,16
54901,14
54904,12
54914,6
54915,10
55006,6
55011,14
55014,12
55016,12
55020,6
55021,30
55024,36
55025,12
55033,28
55038,18
55040,14
55041,2
55042,12
55044,26
55057,16
55060,16
55063,10
55068,18
55070,10
55075,8
55076,12
55077,8
55079,4
55082,14
55092,4
55104,12
55106,28
55107,4
55108,4
55109,26
55110,14
55112,24
55113,12
55115,10
55117,20
55119,16
55122,18
55123,22
55124,26
55125,32
55126,18
55127,16
55128,16
55303,30
55304,42
55305,10
55309,16
55311,26
55313,16
55318,12
55328,8
55329,4
55330,16
55331,12
55337,24
55341,4
55343,10
55344,8
55345,18
55347,16
55350,18
55355,2
55359,8
55360,4
55362,14
55364,24
55369,26
55371,16
55372,18
55374,12
55375,6
55378,26
55379,44
55385,4
55387,14
55388,4
55391,4
55397,6
55401,4
55406,10
55412,6
55413,6
55414,18
55416,10
55417,16
55419,10
55420,8
55422,14
55423,20
55427,8
55428,20
55429,10
55430,4
55432,10
55433,28
55434,14
55437,12
55438,10
55439,4
55441,6
55442,20
55443,16
55444,10
55446,18
55447,10
55448,8
55449,24
55455,4
55555,4
55718,2
55719,8
55720,10
55733,8
55742,2
55744,10
55746,14
55767,2
55775,6
55802,2
55803,6
55804,8
55805,10
55807,10
55811,16
55812,10
55901,32
55904,14
55912,18
55924,2
55944,2
55960,2
55963,2
55976,6
56001,20
56031,12
56045,2
56054,2
56073,18
56082,2
56132,2
56162,2
56164,4
56181,2
56201,10
56209,4
56218,2
56232,2
56265,2
56273,2
56277,2
56301,20
56303,14
56304,6
56308,14
56329,4
56353,6
56374,4
56377,22
56379,10
56387,4
56401,20
56425,6
56431,6
56452,2
56472,6
56473,2
56484,2
56501,8
56529,4
56537,16
56551,2
56560,28
56601,34
56633,6
57005,4
57022,6
57025,2
57039,4
57103,20
57105,20
57106,44
57107,8
57108,20
57110,10
57201,18
57212,2
57221,4
57223,4
57301,4
57345,2
57362,2
57401,22
57701,22
57702,28
57703,12
57751,2
57752,2
57760,2
57783,2
58012,4
58078,18
58102,8
58103,22
58104,20
58202,2
58413,2
58501,10
58503,16
58701,6
58741,2
58801,4
58854,6
59044,2
59101,22
59102,26
59103,2
59105,34
59401,6
59403,10
59404,22
59405,20
59410,2
59602,20
59604,4
59639,2
59701,20
59715,20
59718,22
59803,12
59808,10
59834,2
59847,8
59901,8
59912,4
59922,2
59937,8
60002,16
60004,16
60005,8
60007,18
60010,12
60012,4
60014,16
60016,12
60021,4
60022,4
60033,6
60035,4
60045,2
60047,30
60048,4
60051,12
60053,2
60056,8
60060,4
60062,14
60067,10
60068,6
60072,4
60090,10
60098,8
60101,10
60102,12
60103,20
60112,4
60120,4
60123,8
60124,6
60126,24
60139,10
60140,4
60142,10
60148,24
60156,18
60172,12
60174,10
60175,8
60177,10
60180,2
60181,8
60187,14
60188,6
60189,22
60191,8
60193,28
60302,8
60404,12
60410,14
60411,2
60415,2
60416,2
60423,8
60435,12
60440,18
60441,12
60442,4
60443,8
60444,2
60448,30
60450,24
60451,6
60452,12
60453,8
60467,14
60468,4
60477,4
60491,12
60505,4
60506,24
60510,18
60515,16
60516,16
60525,12
60532,14
60540,30
60541,2
60542,8
60543,18
60544,24
60545,4
60548,8
60551,6
60554,4
60558,6
60559,8
60560,20
60561,4
60563,12
60564,20
60565,20
60586,36
60608,8
60618,4
60622,6
60625,6
60629,2
60631,2
60633,2
60634,8
60640,4
60641,2
60655,4
60657,8
60707,2
60901,10
60913,2
60914,14
61010,2
61021,10
61032,22
61036,2
61046,2
61048,2
61068,10
61072,10
61074,2
61085,4
61103,8
61107,16
61108,10
61109,10
61111,24
61114,6
61115,10
61201,12
61264,10
61265,16
61284,2
61329,2
61330,2
61375,2
61378,4
61401,28
61402,2
61413,4
61517,6
61530,2
61537,2
61542,2
61550,12
61552,2
61554,14
61571,16
61601,4
61604,4
61611,18
61615,12
61701,8
61744,2
61748,2
61761,16
61764,4
61801,4
61811,4
61822,4
61834,4
61856,2
61874,2
61944,4
62002,14
62010,2
62012,6
62037,2
62052,4
62061,6
62067,2
62095,6
62097,2
62208,12
62220,14
62226,12
62242,2
62248,2
62257,6
62269,12
62277,2
62278,12
62293,2
62298,14
62301,6
62305,6
62324,2
62374,2
62401,8
62441,2
62461,2
62515,2
62526,6
62538,2
62567,4
62568,14
62633,4
62650,8
62677,4
62691,4
62692,2
62702,12
62703,10
62704,14
62707,4
62711,6
62801,4
62864,8
62889,2
62890,2
62896,4
62901,8
62902,2
62906,4
62910,4
62919,2
62959,14
62979,2
63010,22
63015,2
63017,28
63020,20
63025,14
63026,36
63028,20
63033,10
63034,6
63040,4
63043,20
63048,6
63049,16
63050,16
63051,10
63069,4
63080,10
63088,4
63103,6
63109,10
63110,8
63114,16
63118,24
63119,20
63122,22
63123,30
63125,16
63126,12
63128,16
63129,32
63130,10
63134,6
63136,8
63139,20
63141,16
63144,12
63146,4
63301,24
63303,24
63332,2
63359,2
63362,10
63366,20
63367,14
63368,18
63376,54
63377,2
63379,12
63385,26
63401,14
63456,4
63537,2
63552,4
63601,10
63628,4
63638,2
63640,12
63701,14
63755,14
63775,14
64012,18
64014,20
64015,28
64024,8
64029,6
64030,4
64040,2
64050,12
64055,20
64057,6
64063,8
64064,12
64068,26
64081,12
64082,14
64083,8
64086,6
64089,2
64093,16
64098,4
64114,16
64118,24
64119,12
64130,4
64131,10
64133,4
64134,4
64136,2
64145,2
64151,16
64152,8
64153,4
64154,8
64155,20
64156,8
64157,10
64440,2
64505,4
64506,2
64507,6
64633,4
64801,8
64834,4
64835,2
64836,14
64870,6
65049,2
65202,20
65251,2
65270,8
65337,2
65441,2
65536,24
65559,4
65565,2
65714,14
65721,12
65801,2
65802,20
65803,8
65807,16
66027,2
66030,4
66044,8
66046,6
66047,10
66048,22
66049,20
66061,50
66062,46
66083,4
66109,8
66111,2
66202,2
66203,12
66206,2
66207,4
66208,6
66209,12
66210,12
66211,2
66212,22
66213,30
66214,6
66215,16
66216,14
66218,4
66221,24
66223,18
66224,12
66226,4
66411,2
66414,2
66441,10
66442,32
66502,22
66514,4
66548,2
66604,14
66606,6
66607,10
66608,8
66609,4
66614,16
66616,4
66762,8
66763,4
66801,6
66835,2
66869,2
66953,2
66967,2
67013,4
67037,14
67042,12
67050,2
67060,4
67110,4
67114,2
67203,14
67204,8
67205,14
67206,6
67207,8
67209,10
67211,8
67212,18
67214,8
67217,8
67218,2
67226,16
67337,2
67401,38
67431,2
67449,2
67501,8
67502,4
67548,2
67579,4
67601,6
67801,12
67846,12
67851,6
67864,2
68008,8
68025,12
68034,2
68048,4
68105,4
68114,6
68116,12
68124,8
68127,10
68130,14
68131,8
68137,16
68144,10
68147,10
68154,18
68164,16
68417,2
68503,2
68504,6
68505,6
68506,4
68507,2
68510,4
68522,4
68526,6
68527,2
68713,2
68769,4
68847,8
69361,16
70461,2
70529,2
70605,2
70663,2
71105,2
71106,4
71744,2
71913,20
71921,2
72002,8
72007,4
72011,4
72015,12
72022,4
72023,20
72032,8
72076,14
72112,4
72113,14
72116,8
72142,2
72143,16
72204,4
72206,4
72210,4
72211,12
72227,2
72404,10
72411,2
72450,32
72712,16
72713,4
72719,16
72758,12
72761,2
72823,6
72835,2
73013,18
73020,6
73034,12
73045,4
73065,6
73068,2
73071,14
73072,18
73099,22
73106,4
73107,8
73110,6
73118,8
73120,12
73132,6
73159,12
73170,14
73179,8
73703,6
74008,4
74012,14
74014,12
74015,10
74037,16
74055,16
74105,4
74107,6
74120,2
74133,14
74136,10
74146,6
74152,2
74437,2
74733,2
74801,2
75002,38
75006,6
75007,20
75009,4
75010,4
75013,22
75019,16
75022,12
75024,22
75025,20
75028,22
75032,20
75033,14
75034,24
75035,30
75036,12
75042,8
75050,10
75056,36
75062,2
75067,14
75068,40
75070,14
75071,28
75072,32
75074,24
75075,8
75077,18
75078,14
75088,8
75089,10
75090,8
75093,16
75098,16
75104,12
75110,12
75126,12
75142,10
75143,20
75146,4
75147,4
75149,6
75154,14
75156,12
75160,12
75165,14
75189,12
75206,10
75217,12
75220,6
75234,6
75240,2
75243,10
75246,2
75287,2
75407,14
75422,2
75442,6
75446,2
75455,4
75482,12
75551,2
75604,6
75605,4
75640,4
75703,12
75751,8
75762,6
75766,8
75771,10
75773,2
75791,6
75855,2
75904,10
76001,10
76002,6
76006,10
76008,8
76009,16
76016,14
76017,16
76021,20
76028,18
76033,8
76034,10
76036,18
76048,22
76051,18
76052,8
76054,4
76063,12
76065,20
76082,10
76087,10
76092,18
76093,2
76107,6
76108,38
76109,12
76110,4
76112,4
76116,16
76117,2
76131,12
76133,24
76135,14
76137,20
76148,8
76177,6
76179,20
76180,6
76182,10
76203,4
76205,10
76208,14
76209,10
76210,18
76226,12
76227,8
76234,10
76240,8
76244,32
76249,2
76262,14
76266,4
76272,4
76308,6
76310,8
76401,10
76462,2
76501,4
76504,4
76511,2
76513,20
76522,16
76527,2
76542,8
76543,8
76544,10
76548,32
76637,2
76643,6
76665,2
76705,18
76706,4
76712,6
76901,6
77008,4
77027,2
77040,2
77041,2
77044,10
77047,4
77055,4
77060,2
77070,6
77079,2
77080,14
77082,4
77086,6
77089,6
77095,2
77096,8
77304,10
77316,8
77320,2
77327,4
77354,8
77355,4
77356,10
77357,4
77363,2
77365,16
77369,2
77379,28
77382,6
77385,2
77386,20
77396,10
77406,12
77407,22
77429,22
77433,14
77441,6
77449,16
77450,16
77459,20
77479,14
77480,4
77486,2
77494,44
77498,2
77515,20
77536,4
77539,4
77541,4
77546,22
77566,10
77568,10
77573,28
77584,16
77590,18
77598,2
77619,4
77627,2
77642,8
77706,2
77803,8
77807,6
77840,14
77845,18
77859,2
77861,4
77868,4
77873,2
77901,6
77968,4
78002,2
78003,4
78006,18
78009,4
78011,2
78013,2
78016,4
78023,12
78025,2
78041,2
78045,12
78061,2
78070,4
78109,14
78113,2
78114,2
78130,22
78132,14
78140,2
78148,10
78154,12
78155,12
78160,2
78207,6
78209,12
78211,6
78213,12
78214,8
78216,16
78217,22
78218,14
78221,8
78222,8
78223,10
78227,16
78229,12
78231,12
78232,18
78234,2
78237,8
78238,2
78239,8
78240,20
78244,12
78245,42
78247,28
78248,10
78249,10
78250,48
78251,28
78252,6
78253,18
78254,34
78255,6
78258,16
78259,24
78260,22
78261,10
78413,10
78418,2
78570,2
78577,8
78608,2
78612,6
78613,28
78616,2
78620,14
78628,4
78634,8
78639,4
78640,22
78641,14
78643,2
78644,16
78648,4
78654,14
78659,2
78660,16
78665,10
78666,28
78669,4
78676,6
78681,10
78717,16
78722,4
78728,2
78732,12
78733,4
78734,20
78737,4
78738,18
78739,12
78741,6
78744,4
78745,14
78748,8
78751,2
78758,8
78759,8
78801,16
78861,10
79065,2
79072,12
79110,4
79118,4
79347,2
79373,2
79403,2
79407,8
79416,16
79423,16
79424,32
79525,2
79602,6
79605,6
79606,4
79701,6
79707,6
79821,2
79911,4
79912,14
79916,6
79928,12
79932,8
79938,12
80002,8
80003,10
80004,4
80005,8
80007,10
80011,10
80013,32
80014,10
80015,40
80016,18
80018,2
80020,34
80021,10
80022,18
80023,18
80026,10
80027,14
80031,12
80104,2
80110,12
80111,10
80112,22
80120,14
80121,10
80122,20
80123,14
80126,14
80127,14
80129,8
80130,22
80132,8
80134,20
80138,12
80202,8
80203,8
80206,10
80207,2
80209,12
80210,4
80211,6
80212,8
80214,6
80215,6
80220,16
80221,12
80224,6
80226,10
80227,12
80229,8
80231,26
80233,14
80234,10
80236,8
80238,16
80239,2
80241,16
80260,10
80302,4
80304,2
80401,10
80403,16
80422,2
80433,4
80475,2
80501,30
80504,32
80513,2
80516,6
80521,12
80524,22
80525,18
80526,30
80528,8
80534,2
80537,16
80538,10
80542,4
80549,2
80550,14
80601,10
80602,16
80615,4
80620,8
80621,10
80634,36
80640,8
80807,2
80814,8
80831,12
80904,14
80906,16
80907,18
80909,24
80915,6
80916,12
80917,8
80920,14
80921,6
80922,22
80923,20
80924,4
80927,4
81001,4
81005,4
81008,12
81041,2
81401,10
81432,4
81504,12
81506,4
81507,4
81520,4
81635,6
81637,4
81647,4
81650,8
82001,22
82007,8
82009,16
82070,14
82601,20
82604,20
82609,12
82636,4
82718,16
82801,20
82836,4
82901,18
82935,8
83201,10
83202,8
83203,2
83204,8
83210,2
83211,6
83214,4
83226,2
83237,2
83245,4
83263,4
83274,4
83301,20
83316,6
83338,6
83341,6
83349,2
83350,4
83401,42
83402,24
83406,10
83442,4
83605,14
83607,16
83616,12
83634,12
83641,4
83642,18
83651,32
83686,38
83687,20
83703,4
83704,6
83705,10
83711,2
83716,6
83815,22
83835,12
83843,12
83854,18
83858,8
83860,2
83864,14
84003,38
84004,6
84005,24
84009,26
84010,20
84014,10
84015,24
84020,20
84025,22
84032,16
84037,26
84040,14
84041,18
84043,24
84044,34
84047,24
84049,2
84054,8
84057,14
84058,10
84062,30
84065,26
84074,42
84075,14
84078,16
84081,20
84087,12
84088,14
84092,4
84093,12
84094,14
84095,20
84096,24
84097,8
84098,22
84102,6
84105,6
84107,14
84109,18
84115,14
84116,6
84117,6
84118,26
84119,26
84120,10
84121,12
84123,18
84124,6
84128,24
84129,10
84152,2
84302,14
84315,6
84321,12
84325,4
84335,6
84341,10
84401,18
84403,24
84414,18
84501,4
84651,10
84653,4
84655,6
84660,22
84663,16
84664,6
84720,4
84721,10
84737,12
84738,4
84745,4
84765,6
84770,20
84780,18
84790,28
85006,6
85008,16
85012,4
85013,10
85014,12
85018,22
85021,16
85024,12
85027,20
85028,14
85029,18
85031,4
85032,30
85033,8
85037,6
85041,12
85043,8
85044,22
85045,18
85048,14
85053,12
85086,24
85119,16
85120,16
85122,32
85123,10
85128,4
85131,14
85132,14
85138,20
85139,10
85140,18
85142,30
85143,24
85194,12
85201,14
85202,22
85203,14
85204,8
85205,22
85206,14
85207,16
85208,26
85209,10
85210,14
85212,16
85213,10
85215,14
85224,8
85225,22
85226,16
85233,20
85234,24
85248,18
85249,16
85254,22
85255,12
85260,8
85281,18
85282,34
85283,14
85286,18
85295,8
85296,24
85297,12
85298,34
85302,12
85303,14
85304,18
85305,2
85308,26
85310,14
85326,28
85327,4
85328,2
85335,18
85338,48
85339,34
85340,18
85345,30
85353,22
85355,12
85365,4
85367,4
85373,12
85374,18
85375,16
85378,6
85379,52
85382,16
85383,38
85392,16
85395,20
85539,2
85546,8
85548,2
85614,4
85618,2
85629,20
85631,4
85635,12
85641,20
85650,2
85706,12
85707,2
85710,8
85712,6
85715,10
85719,8
85736,2
85739,10
85741,14
85742,8
85744,2
85745,6
85746,8
85747,14
85748,6
85749,4
85757,2
85935,6
86023,4
86024,2
86035,2
86054,2
86301,14
86305,2
86314,14
86315,8
86322,2
86326,14
86336,2
86404,12
86442,2
86507,2
86515,2
87002,2
87031,14
87102,8
87104,4
87105,12
87106,6
87109,14
87111,12
87113,12
87114,30
87120,18
87121,28
87122,6
87123,22
87124,34
87185,2
87193,2
87401,14
87501,10
87505,14
87506,4
87507,18
87508,6
87532,2
87544,6
87549,2
89002,20
89011,2
89014,32
89015,16
89029,2
89031,30
89032,14
89034,2
89044,4
89052,16
89074,18
89084,20
89085,4
89086,8
89103,16
89105,2
89107,8
89108,18
89113,12
89117,14
89118,14
89122,4
89123,22
89128,18
89129,30
89130,18
89131,14
89135,14
89139,26
89141,26
89142,4
89143,8
89144,12
89145,2
89147,20
89148,32
89149,20
89166,16
89178,32
89183,22
89403,10
89406,10
89408,28
89419,4
89431,4
89434,8
89436,10
89441,4
89501,2
89506,24
89509,12
89511,8
89513,2
89523,18
89706,12
89801,14
89803,2
89815,12
90008,2
90011,2
90019,10
90059,2
90240,2
90242,4
90266,2
90270,2
90503,8
90505,4
90604,4
90620,4
90638,2
90712,4
90713,2
90723,2
90731,2
91006,4
91016,10
91106,2
91307,4
91320,6
91321,2
91350,6
91354,2
91360,4
91367,6
91387,2
91405,4
91702,8
91709,12
91710,8
91724,2
91730,12
91737,4
91740,4
91745,2
91750,4
91786,8
91801,4
91977,4
92024,14
92026,14
92028,2
92037,8
92056,8
92058,4
92064,10
92065,4
92067,4
92071,10
92078,18
92081,2
92082,6
92084,12
92103,2
92109,14
92111,2
92118,6
92127,14
92128,4
92131,8
92203,2
92223,4
92252,2
92253,12
92256,4
92270,4
92301,14
92307,2
92308,8
92311,2
92335,18
92336,46
92344,6
92345,30
92371,2
92374,14
92377,2
92392,20
92394,2
92395,12
92399,6
92405,6
92407,24
92505,4
92507,12
92509,18
92530,12
92543,10
92553,6
92562,22
92563,14
92570,4
92582,12
92583,16
92584,36
92585,4
92586,4
92591,22
92592,30
92595,10
92596,8
92614,4
92618,2
92626,2
92630,6
92646,12
92648,10
92649,2
92677,8
92679,2
92691,2
92692,10
92694,2
92704,10
92780,8
92821,6
92865,2
92870,6
92880,22
92881,22
92882,24
93004,6
93063,6
93065,6
93230,14
93263,8
93274,4
93277,14
93286,4
93291,24
93301,2
93306,4
93308,14
93311,18
93312,32
93313,10
93314,12
93420,12
93422,14
93446,6
93455,6
93505,2
93611,8
93612,2
93704,4
93711,6
93720,10
93726,8
93930,2
93933,2
93950,6
94015,6
94025,6
94061,10
94086,6
94087,14
94127,2
94131,4
94404,16
94503,6
94506,4
94514,2
94531,6
94550,22
94551,14
94555,4
94558,8
94559,6
94561,8
94563,10
94577,6
94589,2
94601,2
94618,2
94704,2
94706,4
94806,16
94903,6
94928,8
95014,10
95032,6
95051,4
95070,2
95110,2
95120,4
95123,2
95124,4
95125,4
95135,6
95136,4
95138,2
95148,6
95204,4
95207,2
95219,4
95242,8
95252,2
95301,18
95304,6
95307,2
95337,12
95340,10
95348,10
95350,18
95355,20
95356,16
95358,2
95363,12
95374,4
95376,18
95391,4
95401,6
95404,10
95405,4
95448,2
95476,14
95602,14
95603,16
95610,16
95612,6
95616,6
95618,12
95624,22
95628,10
95630,20
95632,6
95638,2
95640,6
95648,16
95655,4
95658,2
95660,4
95661,10
95662,14
95667,22
95673,18
95677,14
95678,18
95682,28
95688,10
95694,4
95713,2
95747,38
95757,6
95758,4
95762,14
95765,20
95776,10
95816,2
95819,10
95820,6
95821,22
95822,12
95825,6
95826,2
95831,14
95833,4
95834,16
95835,14
95838,16
95842,14
95843,28
95926,8
95928,10
95945,20
95948,2
95949,10
95959,8
95963,2
95966,12
95971,2
95973,4
95975,2
95993,6
96001,4
96161,4
96782,6
96815,2
96816,4
97002,6
97003,12
97004,2
97005,14
97006,24
97007,26
97015,14
97027,4
97030,24
97031,2
97034,4
97035,6
97045,20
97056,4
97060,4
97062,16
97063,2
97070,10
97086,4
97111,8
97113,4
97114,2
97115,10
97123,20
97124,18
97132,20
97140,18
97148,2
97201,10
97212,2
97216,12
97219,8
97220,12
97223,24
97225,4
97229,18
97230,8
97232,2
97233,14
97266,8
97301,10
97302,6
97303,14
97304,18
97305,12
97306,14
97321,6
97322,16
97330,8
97358,2
97403,6
97404,20
97405,16
97408,4
97477,16
97478,18
97501,12
97502,16
97504,8
97523,4
97526,10
97527,14
97530,2
97603,6
97632,2
97703,2
97756,30
97760,4
97846,2
97906,2
97914,4
98003,2
98005,10
98006,12
98007,8
98008,14
98011,6
98012,14
98014,14
98019,8
98020,4
98021,16
98023,10
98026,10
98027,4
98029,18
98032,4
98033,4
98037,8
98038,26
98042,10
98047,2
98052,26
98053,10
98055,6
98056,6
98058,12
98065,8
98075,10
98092,18
98103,6
98105,6
98121,2
98125,4
98168,2
98204,6
98208,8
98221,4
98223,10
98226,12
98237,2
98245,4
98249,2
98264,18
98273,8
98275,4
98277,6
98282,6
98284,4
98290,2
98292,4
98311,8
98338,12
98366,14
98367,6
98370,2
98371,8
98373,14
98374,8
98375,8
98387,10
98391,24
98395,2
98402,2
98404,8
98405,6
98422,8
98466,8
98499,6
98501,8
98503,10
98506,8
98513,12
98556,2
98570,2
98579,6
98580,8
98596,4
98597,6
98604,10
98611,8
98629,2
98632,30
98642,8
98661,16
98664,4
98674,2
98682,16
98801,8
98802,12
98837,10
98848,2
98901,2
98908,14
99001,4
99004,10
99005,6
99009,4
99019,8
99022,6
99026,6
99029,4
99037,6
99122,4
99161,2
99202,2
99203,12
99205,20
99206,10
99208,24
99210,2
99212,14
99217,22
99224,2
99228,2
99336,14
99337,8
99338,20
99352,10
99502,4
99504,18
99505,4
99507,16
99508,14
99515,12
99516,10
99567,6
99573,2
99577,22
99654,26
99674,4
10502,2
10505,2
10590,2
10940,2
12054,4
12077,2
12157,2
12209,2
12571,2
12941,2
13323,2
14072,6
14127,8
14215,2
14218,2
14221,14
14223,6
14526,2
14612,4
14623,6
15017,6
15022,8
15024,8
15033,2
15068,20
15108,8
15135,4
15145,2
15209,4
15214,2
15234,2
15241,6
15360,2
15644,18
15656,4
15670,2
15672,4
15952,2
16002,8
16055,2
16059,6
16101,2
16127,2
16417,2
16423,2
16502,6
16511,6
16627,2
16635,2
16801,2
16878,2
17055,14
17087,2
17098,2
17225,2
17315,10
17316,2
17324,2
17331,10
17340,2
17360,4
17364,2
17366,4
17408,4
17545,12
17547,2
17580,2
17584,4
17602,8
17801,6
17815,4
17922,2
17961,6
18049,8
18069,4
18324,4
18360,6
18616,2
18976,2
19038,2
19055,4
19070,6
19083,4
19094,4
19116,4
19145,2
19301,2
19342,4
19343,4
19348,10
19380,14
19403,12
19440,14
19460,4
19543,4
19607,4
19711,4
19713,6
19938,4
19950,4
19962,4
19963,4
19966,4
19977,8
20164,4
20166,4
20715,8
21015,12
21028,2
21030,14
21034,4
21050,10
21085,2
21136,2
21157,18
21158,4
21163,4
21215,4
21227,12
21229,6
21239,2
21651,2
21660,2
21811,6
21901,6
21903,6
21911,8
22151,2
22508,4
22551,4
22554,12
22580,2
22601,4
22602,10
22630,2
22701,2
22911,2
23059,8
23086,2
23120,10
23140,2
23229,6
23237,4
23314,4
23321,12
23434,16
23464,14
23518,4
23666,8
23669,4
23801,10
23860,10
23879,2
23889,2
23934,4
24012,10
24017,4
24179,2
24557,2
25413,4
25701,2
26060,2
26062,6
26386,2
26501,2
27012,26
27019,4
27030,4
27040,2
27207,2
27214,4
27239,4
27262,10
27263,4
27325,2
27332,10
27349,4
27518,4
27546,6
27576,10
27591,8
27705,12
27713,6
27807,2
27808,2
27817,2
27973,6
28016,4
28037,6
28070,2
28088,2
28107,8
28138,10
28146,24
28166,10
28303,6
28314,6
28326,10
28333,2
28428,4
28457,6
28466,2
28469,2
28480,2
28557,12
28594,4
28625,8
28697,2
28704,8
28709,2
28711,4
28714,4
28751,2
28752,16
28754,4
28759,10
28778,2
28792,24
28804,20
29014,2
29033,4
29073,20
29080,2
29138,2
29153,2
29163,2
29168,2
29201,6
29209,4
29212,12
29223,10
29321,2
29325,2
29332,2
29372,4
29374,4
29376,6
29403,4
29431,2
29445,2
29457,4
29472,2
29568,6
29582,6
29605,8
29617,6
29624,8
29627,14
29646,4
29649,4
29657,6
29661,4
29666,6
29697,2
29728,4
30019,10
30021,2
30030,4
30080,10
30120,8
30126,4
30139,6
30152,14
30161,16
30175,4
30179,4
30214,6
30236,4
30238,10
30259,6
30263,10
30276,12
30307,8
30337,2
30338,10
30339,6
30340,2
30341,6
30456,2
30507,4
30538,2
30565,4
30601,4
30605,10
30620,10
30633,2
30635,6
30677,4
30683,6
30701,14
30705,4
30707,6
30734,2
30735,2
30739,8
30740,6
30747,2
30813,14
31006,4
31008,8
31009,2
31031,8
31064,2
31316,4
31411,2
31419,16
31510,2
31548,10
31601,2
31605,10
31643,2
31705,6
31757,4
31768,8
31811,2
32024,2
32038,2
32063,2
32073,18
32080,8
32082,26
32118,2
32129,6
32207,2
32233,4
32257,12
32259,14
32311,4
32317,4
32351,2
32570,4
32579,2
32607,6
32611,2
32615,6
32640,2
32726,6
32778,8
32781,2
32819,8
32837,12
32901,2
32904,2
32905,8
32908,4
33073,2
33076,6
33165,2
33180,2
33193,4
33315,4
33410,10
33411,6
33426,12
33433,2
33435,4
33460,2
33463,6
33498,4
33527,6
33534,8
33541,2
33544,8
33548,4
33579,10
33612,6
33620,2
33762,2
33763,12
33777,4
33809,4
33843,2
33852,2
33876,2
33898,4
33905,2
33953,2
33966,2
33971,6
33976,2
34205,4
34208,8
34212,2
34221,4
34224,12
34251,4
34275,12
34287,6
34288,10
34442,4
34465,2
34479,4
34488,4
34652,10
34655,12
34669,4
34689,8
34739,2
34741,12
34746,8
34788,4
35006,2
35007,8
35022,4
35023,2
35073,2
35085,6
35126,4
35127,2
35130,2
35135,2
35178,2
35209,4
35222,2
35223,4
35243,2
35633,6
35674,4
35739,4
35773,4
35810,6
35906,8
35950,12
35957,10
35962,8
36064,2
36310,4
36445,2
36549,2
36561,2
36609,4
37027,36
37030,4
37048,4
37072,8
37090,2
37098,4
37141,2
37203,8
37215,10
37303,2
37307,2
37322,2
37323,12
37329,2
37338,4
37405,6
37419,2
37659,16
37721,6
37738,4
37757,2
37771,20
37860,2
37891,4
37909,12
37912,10
37938,4
38002,4
38017,6
38023,2
38058,6
38120,2
38134,6
38230,2
38476,2
38506,4
38571,4
38655,8
39211,2
39475,2
39819,2
39845,4
40014,10
40019,4
40121,6
40160,8
40175,4
40402,2
40422,12
40489,6
40502,4
40504,6
40507,2
40514,4
40744,12
41001,8
41002,4
41007,6
41018,6
41030,6
41035,6
41080,4
41093,2
41094,12
41097,4
41528,2
41653,2
42044,2
42166,2
42211,2
42223,2
42274,2
42376,2
42378,2
42420,2
42518,2
42712,2
42748,6
42765,4
43011,6
43076,8
43107,6
43143,2
43152,2
43205,2
43206,6
43214,12
43219,4
43338,6
43443,2
43515,2
43527,4
43528,6
43540,2
43545,2
43566,2
43617,4
43725,6
43764,2
43844,4
43845,4
43907,4
43938,2
43986,2
44011,12
44028,4
44056,4
44095,10
44123,8
44126,6
44131,10
44139,10
44223,10
44270,4
44275,2
44306,4
44310,8
44321,6
44425,2
44428,2
44429,4
44484,8
44505,6
44509,4
44511,8
44614,14
44641,8
44644,6
44677,2
44681,4
44811,4
44827,4
44849,2
44875,2
44905,4
44906,8
45013,22
45015,4
45065,6
45066,14
45154,12
45205,4
45212,6
45213,6
45223,4
45237,4
45241,8
45247,6
45325,2
45327,6
45331,8
45334,2
45335,8
45346,2
45368,4
45373,28
45380,2
45406,2
45409,4
45410,2
45419,4
45420,10
45426,4
45434,8
45449,4
45459,10
45506,4
45638,8
45640,4
45644,2
45697,4
45710,2
45822,12
45850,2
45879,2
45882,6
45885,8
45891,6
46038,14
46039,6
46075,2
46112,28
46127,4
46140,14
46164,4
46167,2
46173,2
46201,12
46202,10
46205,10
46222,8
46234,4
46240,6
46254,8
46303,10
46310,4
46311,6
46341,2
46342,8
46347,4
46391,6
46504,4
46538,4
46563,10
46570,4
46617,2
46635,6
46773,2
46783,6
46804,18
46933,2
46939,2
46952,6
46975,8
47006,6
47038,2
47040,4
47106,8
47115,4
47163,2
47231,2
47265,4
47274,4
47320,4
47346,2
47348,2
47353,2
47369,2
47390,2
47403,14
47448,6
47804,2
47859,2
47868,2
48001,4
48003,2
48005,4
48006,4
48023,4
48030,12
48039,4
48043,6
48048,2
48059,8
48062,4
48067,6
48079,12
48088,4
48093,10
48098,16
48105,16
48118,8
48130,4
48133,8
48144,8
48166,4
48176,8
48187,20
48193,8
48195,8
48239,2
48301,8
48306,6
48310,12
48314,8
48320,2
48322,2
48328,2
48336,6
48340,2
48346,18
48359,4
48422,6
48436,4
48439,20
48473,12
48509,2
48529,2
48602,4
48642,2
48808,2
48842,4
48846,6
48855,10
48864,6
48872,2
48911,10
48917,6
49017,6
49038,2
49042,2
49060,2
49078,8
49087,4
49099,4
49220,4
49301,8
49302,4
49307,2
49326,2
49348,6
49426,16
49440,2
49453,4
49504,10
49690,2
49706,2
49720,4
50003,6
50014,30
50036,8
50144,2
50234,2
50252,2
50315,20
50320,10
50423,2
50438,4
50469,2
50568,2
50668,2
50701,8
51521,2
51554,2
52333,4
52405,10
52553,2
52625,8
52748,4
52773,2
52801,2
52803,6
52807,6
53021,4
53022,12
53033,2
53046,2
53072,4
53085,12
53103,4
53121,12
53130,4
53144,4
53168,2
53172,8
53183,4
53184,4
53188,2
53202,14
53211,2
53212,4
53222,8
53227,4
53233,2
53402,6
53508,6
53511,8
53705,6
53821,2
53916,10
53965,2
54002,6
54016,16
54115,14
54209,2
54241,4
54457,4
54489,2
54495,2
54603,18
54616,2
54619,4
54625,2
54634,2
54667,4
54720,6
54721,2
54738,2
54739,2
54742,4
54747,2
54810,4
54902,6
54911,2
54913,6
54935,6
54937,6
54947,2
54952,6
54963,4
55005,4
55008,8
55045,2
55073,4
55080,6
55088,4
55101,2
55114,2
55116,24
55129,8
55301,4
55302,2
55306,4
55316,14
55317,10
55338,2
55346,4
55352,8
55357,4
55376,12
55435,4
55713,2
55734,4
55750,4
55806,2
55808,2
55906,12
55972,2
55987,8
55991,2
56011,6
56028,4
56071,8
56081,4
56187,4
56241,2
56258,8
56282,2
56338,2
56345,8
56356,2
56443,2
56444,4
56449,2
56468,4
56470,2
56630,2
56676,2
57032,12
57064,4
57068,2
57073,2
57075,2
57339,2
57719,2
57745,2
58054,4
58203,2
58207,2
58324,2
58504,8
58554,14
58785,2
59030,2
59106,12
59330,2
59443,2
59521,2
59635,2
59644,2
59860,2
59934,2
60013,10
60030,10
60031,6
60050,18
60061,6
60074,16
60076,4
60084,4
60089,16
60097,4
60104,2
60107,12
60108,12
60115,2
60133,14
60134,14
60137,16
60145,2
60146,4
60152,6
60185,8
60194,2
60201,2
60421,2
60438,2
60439,8
60446,8
60447,8
60457,4
60462,4
60502,12
60527,4
60550,2
60585,14
60607,8
60614,6
60638,4
60669,2
60706,2
60915,2
60922,4
61006,4
61008,16
61053,4
61064,2
61065,6
61073,4
61080,4
61081,6
61102,6
61241,2
61283,2
61341,2
61350,4
61364,2
61434,2
61455,4
61501,4
61523,4
61525,6
61528,4
61607,4
61704,10
61723,2
61727,2
61734,4
61736,4
61747,2
61778,2
61832,2
61866,2
61871,2
61876,2
61920,6
61953,2
62016,2
62025,12
62033,6
62034,4
62040,8
62063,4
62075,2
62088,2
62221,6
62234,6
62246,4
62249,4
62254,2
62258,4
62264,2
62334,2
62360,2
62615,2
62681,2
62684,2
62712,2
62812,6
62838,2
62859,2
62960,2
62966,6
63011,12
63021,16
63042,4
63070,6
63104,6
63105,8
63112,4
63115,2
63116,10
63127,4
63131,12
63347,2
63348,8
63383,6
63389,10
63390,14
63461,4
63623,2
63645,2
63670,2
63740,4
63780,4
64016,2
64034,8
64056,4
64060,6
64110,2
64111,4
64138,4
64429,6
64430,2
64492,2
64701,6
64748,2
64804,6
64850,6
64865,2
65014,2
65081,2
65201,2
65301,6
65401,16
65610,2
65616,10
66053,2
66064,2
66071,8
66227,6
66508,2
66605,6
66839,2
66860,2
66868,2
67016,2
67039,2
67052,6
67118,2
67152,2
67208,6
67210,4
67215,2
67219,4
67235,4
68002,2
68022,6
68037,2
68046,12
68102,2
68106,4
68107,6
68122,8
68134,4
68637,2
68723,2
68748,2
68763,2
71409,2
71901,18
72019,6
72034,6
72086,8
72106,4
72120,4
72121,2
72205,6
72401,18
72417,4
72432,6
72472,2
72501,2
72704,10
72730,6
72756,4
72762,8
72802,2
73003,14
73015,2
73025,8
73049,2
73052,4
73054,2
73064,4
73069,8
73078,6
73102,2
73108,4
73112,8
73128,4
73162,2
73401,2
73762,2
74011,12
74047,2
74050,2
74106,2
74108,4
74129,2
74132,2
74447,6
75023,14
75040,8
75052,16
75065,8
75069,14
75080,2
75109,2
75114,4
75116,2
75169,4
75223,2
75225,2
75228,4
75231,6
75238,6
75252,6
75409,12
75418,2
75433,2
75460,6
75462,4
75472,2
75504,2
75602,2
75662,2
75789,4
75839,2
76012,8
76013,8
76020,18
76039,18
76040,4
76049,10
76086,6
76103,4
76120,2
76126,16
76134,6
76248,14
76302,4
76367,2
76426,4
76502,6
76640,4
76657,4
76689,2
76708,2
76905,2
77018,2
77031,2
77035,2
77072,2
77075,2
77077,24
77302,6
77338,2
77372,6
77375,20
77388,12
77437,4
77447,2
77489,2
77493,4
77511,12
77522,2
77571,8
77581,6
77640,2
77904,4
77905,4
77954,2
78028,26
78046,2
78065,4
78069,2
78108,12
78156,2
78163,10
78201,12
78212,6
78228,14
78230,8
78242,6
78256,4
78266,4
78404,8
78405,2
78537,2
78589,6
78602,6
78605,2
78621,6
78633,16
78664,12
78727,4
78730,2
78731,4
78749,10
78750,10
78838,2
78957,2
79109,8
79358,2
79382,6
79412,2
79415,10
79604,2
79835,2
79904,2
79925,4
79936,8
80006,2
80010,4
80012,2
80025,2
80030,2
80108,12
80109,10
80113,8
80128,28
80204,8
80216,4
80219,10
80223,4
80228,6
80232,10
80235,8
80237,8
80247,8
80421,4
80424,2
80503,12
80514,2
80631,16
80651,2
80751,2
80808,4
80911,2
80918,16
81101,8
81144,2
81151,2
81252,2
81403,4
81423,2
81501,8
81503,6
81601,10
82072,4
82716,18
83110,2
83221,8
83234,2
83271,2
83334,2
83427,4
83619,2
83646,14
83669,6
83676,2
83709,14
83713,4
83805,2
83848,2
83876,2
83877,4
84042,4
84045,14
84050,8
84060,4
84067,8
84070,8
84084,6
84106,4
84319,6
84328,2
84404,12
84405,14
84601,8
84606,6
84715,2
85004,2
85007,2
85009,6
85016,8
85020,10
85022,18
85023,14
85042,6
85051,4
85080,2
85244,2
85251,16
85301,10
85306,8
85321,2
85323,16
85331,16
85351,12
85354,4
85381,10
85388,12
85396,18
85534,2
85603,4
85630,2
85658,4
85713,8
85743,16
86004,10
86312,2
86351,4
86409,6
86426,4
87015,4
87024,6
87107,6
87144,20
87551,2
89012,18
89027,2
89119,8
89137,2
89156,2
89179,6
89445,4
89502,6
89521,22
89701,2
89703,2
90005,2
90041,2
90401,2
90605,4
90623,4
90630,2
90740,6
90807,2
90815,6
91001,2
91011,2
91202,2
91326,2
91762,6
91765,2
91775,2
91911,6
91915,8
92007,2
92019,4
92057,6
92069,10
92083,4
92091,2
92119,2
92346,6
92376,4
92411,4
92532,6
92545,4
92557,4
92606,2
92647,4
92656,4
92675,2
92688,4
92707,8
92801,4
92805,2
92860,4
92879,16
93105,4
93110,4
93203,2
93245,2
93292,4
93309,10
93447,2
93465,4
93650,2
93727,6
93940,8
94010,2
94043,2
94066,4
94089,6
94117,8
94513,14
94518,14
94521,4
94523,2
94526,8
94534,10
94536,8
94553,16
94565,2
94566,8
94568,12
94572,2
95001,2
95003,6
95006,2
95035,4
95037,6
95130,4
95131,6
95209,6
95225,2
95240,6
95336,6
95354,6
95360,6
95361,2
95367,14
95370,6
95377,16
95380,8
95409,6
95608,14
95617,2
95620,2
95621,12
95631,4
95666,4
95670,12
95687,14
95742,6
95815,2
95823,2
95829,8
95901,2
95965,6
95969,2
96122,2
96322,2
96761,2
96789,2
97008,12
97013,4
97055,4
97068,10
97078,4
97080,6
97101,4
97128,10
97205,6
97209,2
97210,4
97213,4
97222,8
97224,6
97239,2
97292,2
97361,4
97378,4
97402,16
97497,2
97525,2
97702,8
97741,6
97754,6
97814,2
97838,22
97862,2
97882,4
98002,2
98028,8
98034,12
98036,4
98043,4
98070,2
98072,6
98074,6
98115,6
98198,4
98225,4
98230,2
98233,4
98247,2
98257,2
98258,2
98271,14
98274,4
98321,2
98332,10
98335,6
98362,4
98382,12
98407,4
98439,2
98444,6
98531,6
98584,2
98684,12
99013,2
99133,2
99201,2
99204,2
99207,16
99223,20
99301,10
99354,2
99362,4
99587,4
99623,4
99645,12
99669,4
10017,2
10514,2
10549,2
10956,4
11010,2
11103,2
11554,6
11763,2
11949,2
12051,2
13815,2
14031,2
14051,2
14225,2
14472,2
14534,4
14618,6
14620,2
15005,2
15010,16
15026,2
15129,2
15131,6
15132,6
15147,2
15202,8
15203,2
15208,4
15217,6
15219,2
15368,2
15445,4
15458,2
15479,2
15501,4
15650,10
15754,2
16033,2
16034,2
16038,2
16050,2
16148,12
16373,2
16442,2
16504,6
16506,4
16509,4
16803,2
17037,2
17053,4
17321,2
17325,8
17344,2
17361,2
17402,6
17512,4
17552,4
17555,6
17566,2
17569,2
17701,6
17702,2
17813,2
17866,2
17960,2
17963,2
18013,6
18032,2
18036,6
18042,6
18059,2
18102,8
18302,6
18328,6
18510,2
18641,2
18702,4
18902,6
18960,2
18969,10
19007,2
19008,2
19014,2
19060,2
19081,4
19090,2
19111,4
19122,2
19131,4
19341,6
19390,2
19462,2
19465,4
19473,2
19525,2
19539,2
19701,8
19807,2
19943,2
19960,2
20001,2
20109,2
20136,2
20152,8
20171,4
20176,2
20646,4
20676,2
20678,2
20748,2
20841,2
21009,4
21042,6
21076,2
21102,2
21154,4
21219,2
21409,6
21601,6
21640,2
21657,4
21704,2
21776,2
21784,2
21801,2
21813,2
21821,2
21849,2
21850,2
21917,2
22032,2
22042,6
22401,2
22485,4
22801,6
22937,2
23060,10
23075,2
23116,8
23141,2
23234,4
23430,4
23457,2
23505,6
24013,2
24073,2
24121,2
24148,2
24175,8
24201,2
24209,2
24343,2
24503,6
24541,4
24586,4
25003,2
25510,2
25901,2
26037,4
26134,2
26160,2
26330,4
26415,4
26451,2
26537,2
27052,6
27217,4
27248,2
27288,8
27298,2
27301,2
27313,6
27320,2
27344,2
27377,4
27405,10
27522,2
27525,4
27577,16
27597,4
27624,2
27701,4
27801,2
27804,8
27864,2
27927,2
27950,2
27976,6
28012,8
28023,6
28036,12
28040,2
28083,12
28091,2
28097,4
28127,6
28206,2
28217,10
28374,6
28387,2
28470,6
28478,2
28546,6
28553,2
28560,6
28574,4
28607,10
28612,10
28659,2
28742,2
28748,2
28763,2
28790,2
28801,8
29040,4
29042,2
29054,4
29169,8
29204,4
29205,4
29206,4
29330,4
29340,6
29375,2
29404,2
29418,8
29456,8
29470,2
29544,6
29550,6
29556,2
29585,4
29631,8
29662,4
29669,6
29718,2
29720,6
29745,6
29841,4
29920,6
29927,2
29936,2
30005,8
30016,12
30045,2
30107,6
30121,20
30137,2
30176,2
30185,2
30206,6
30217,6
30292,2
30324,4
30336,2
30346,4
30510,2
30523,4
30629,2
30646,2
30725,2
30905,2
31014,8
31036,2
31050,2
31308,2
31312,8
31635,2
31645,4
31758,2
31763,6
31788,4
31804,2
31905,8
32097,10
32117,8
32127,4
32148,2
32401,4
32526,2
32566,4
32567,4
32609,4
32618,2
32669,8
32680,2
32763,6
32766,14
32776,10
32789,2
32796,2
32811,4
32818,6
32948,2
32968,4
33021,4
33026,2
33063,4
33301,2
33317,2
33321,2
33331,4
33442,6
33511,6
33545,2
33576,4
33596,2
33603,6
33605,2
33616,4
33755,4
33756,4
33759,6
33767,2
33837,2
33844,4
33853,2
33872,6
33881,4
33948,2
33967,4
34117,4
34120,4
34145,4
34474,4
34476,6
34736,12
34756,2
34983,12
34984,4
34997,4
35044,4
35045,4
35111,4
35115,6
35120,2
35150,6
35175,2
35179,6
35186,2
35406,4
35452,4
35466,2
35473,12
35593,2
35611,8
35614,2
35640,6
35802,2
35816,2
36206,2
36276,2
36530,2
36587,4
36850,2
36867,2
37026,2
37034,2
37070,2
37096,2
37134,2
37137,2
37146,8
37181,2
37318,4
37327,4
37332,2
37367,2
37411,4
37412,10
37641,4
37642,4
37645,2
37658,2
37660,10
37825,2
37863,2
37932,10
38107,2
38237,2
38326,2
38382,2
38483,2
38572,6
40013,4
40023,2
40026,4
40056,2
40076,6
40146,2
40150,4
40205,20
40211,4
40213,6
40347,4
40379,2
40380,2
40383,16
40769,6
40831,2
41008,2
41015,6
41016,2
41073,6
42051,2
42071,4
42081,2
42127,6
42167,2
42214,2
42261,2
42718,8
42784,4
43001,4
43058,2
43072,2
43074,12
43080,6
43103,4
43162,4
43215,2
43220,4
43227,4
43315,4
43331,6
43342,4
43348,2
43447,2
43462,2
43522,2
43604,2
43608,4
43609,6
43616,4
43771,2
43777,2
43793,2
44022,4
44030,6
44047,2
44070,14
44077,10
44081,8
44089,2
44090,4
44094,6
44103,2
44114,2
44121,10
44122,14
44132,8
44136,14
44143,6
44217,4
44241,6
44254,2
44260,2
44266,12
44302,2
44307,2
44418,2
44420,4
44436,2
44629,2
44662,6
44667,2
44707,4
44853,2
44859,2
44870,8
44890,2
45003,4
45042,8
45107,2
45122,8
45130,4
45171,12
45218,2
45226,2
45227,2
45231,6
45251,6
45308,2
45311,2
45326,2
45338,8
45345,2
45365,6
45369,2
45383,2
45402,2
45404,4
45405,2
45415,6
45623,2
45651,2
45714,2
45750,6
45786,4
46011,14
46013,12
46036,4
46069,4
46074,34
46102,2
46130,6
46163,8
46171,6
46182,2
46186,2
46208,6
46214,12
46225,4
46228,12
46375,6
46507,8
46517,6
46534,4
46543,2
46553,4
46561,2
46572,2
46628,22
46637,8
46701,10
46738,6
46761,2
46816,6
46962,4
46979,2
47036,2
47130,14
47172,8
47250,6
47336,2
47429,2
47557,2
47586,2
47635,2
47710,4
47715,8
47803,10
47805,2
47809,2
47952,2
48012,2
48075,2
48092,6
48101,6
48117,6
48169,6
48192,8
48207,2
48229,4
48240,2
48312,8
48357,2
48360,4
48367,2
48374,8
48412,2
48421,4
48455,2
48461,2
48532,4
48623,2
48708,2
48838,10
48875,2
48891,2
49004,8
49008,2
49032,2
49033,2
49036,6
49040,4
49076,2
49079,6
49240,4
49262,2
49265,2
49271,2
49343,6
49419,2
49444,4
49445,4
49512,6
49684,4
50005,2
50129,2
50166,2
50213,4
50225,2
50311,6
50316,6
50322,16
50458,4
50468,2
50595,2
50619,2
50647,2
50651,4
50674,2
50675,2
51054,2
51551,2
52068,2
52079,2
52213,2
52233,2
52246,6
52332,4
52347,2
52356,2
52362,2
52544,2
52591,2
52655,2
52738,2
53004,2
53044,2
53090,6
53094,4
53108,8
53126,4
53204,6
53206,4
53214,6
53228,4
53574,2
53716,6
53718,4
53719,4
53726,2
53963,2
54022,4
54180,2
54301,2
54401,12
54403,4
54467,4
54482,2
54494,6
54527,2
54613,2
54759,2
54858,2
54868,8
54889,2
55013,4
55017,2
55054,2
55056,2
55069,2
55071,2
55089,2
55102,4
55118,2
55121,2
55130,6
55308,4
55319,4
55327,4
55340,4
55386,10
55396,2
55404,6
55407,8
55425,4
55426,8
55445,6
55722,2
55726,2
55748,2
55792,10
55902,16
55943,2
55970,2
55982,2
56003,2
56013,2
56039,2
56183,4
56216,2
56310,2
56336,2
56364,6
56368,2
56446,2
56554,2
56579,2
56701,2
57003,6
57006,12
57028,2
57047,2
57071,2
57078,6
57104,6
57243,2
57252,6
57276,2
57368,2
57718,8
58072,2
58106,2
58201,18
58640,2
58703,4
59714,4
59802,6
59936,2
60018,8
60042,4
60046,10
60073,6
60110,2
60118,6
60131,2
60135,2
60154,14
60178,8
60192,4
60202,2
60432,2
60436,2
60445,4
60463,4
60465,4
60466,2
60487,10
60490,6
60503,6
60504,6
60513,2
60523,6
60526,4
60538,14
60552,2
60610,4
60617,2
60632,2
60646,2
60656,2
60661,2
60714,2
60803,2
60950,4
61013,2
61019,2
61020,2
61031,4
61063,4
61104,2
61270,2
61301,6
61310,4
61320,2
61354,4
61362,4
61417,2
61430,4
61459,2
61490,2
61520,12
61534,4
61568,8
61614,6
61745,2
61853,4
61924,2
62032,2
62035,2
62049,2
62062,2
62074,2
62092,2
62223,4
62236,6
62237,2
62263,2
62288,2
62294,4
62420,2
62549,4
62550,2
62571,2
62618,2
62629,4
62685,2
62918,2
62922,2
62930,10
62935,2
62958,2
63005,4
63012,4
63016,4
63023,4
63031,10
63052,16
63074,6
63077,4
63084,4
63089,2
63090,4
63101,4
63111,4
63121,4
63143,8
63363,2
63435,2
63462,2
63664,4
63763,2
63769,2
63771,2
63829,2
64048,2
64075,4
64076,4
64077,2
64078,8
64079,2
64080,6
64123,2
64150,4
64504,2
64861,2
65203,10
65233,4
65248,2
65255,2
65259,2
65345,2
65453,4
65584,2
65591,2
65672,2
65804,8
66007,4
66012,6
66086,6
66088,4
66092,2
66097,2
66103,2
66112,6
66204,6
66401,2
66409,2
66503,4
66517,4
66524,2
66532,2
66846,2
67002,4
67005,10
67213,10
67220,4
68005,2
68015,4
68041,2
68065,4
68073,2
68104,10
68117,2
68128,12
68132,10
68347,4
68402,2
68410,2
68463,2
68512,4
68516,6
68601,2
68862,2
68901,8
69341,8
70503,2
71241,2
72104,2
72127,2
72150,2
72167,2
72173,2
72223,4
72360,2
72543,2
72632,2
72701,6
72715,8
72764,2
72801,2
72834,4
72847,2
73012,6
73115,4
73122,2
73135,2
73139,6
73142,8
73153,2
73160,4
74019,4
74074,2
74075,8
74104,2
74131,2
74135,4
74421,2
74436,2
74450,2
74701,4
75021,6
75038,2
75039,4
75041,6
75044,8
75048,4
75054,2
75058,2
75061,2
75063,12
75081,4
75092,4
75103,4
75115,4
75144,2
75167,2
75181,6
75209,2
75216,2
75224,4
75241,4
75402,2
75410,2
75424,4
75495,2
75702,2
75704,2
75712,2
75752,6
75756,2
75801,2
75969,4
76058,10
76060,6
76106,2
76111,2
76114,8
76119,6
76123,2
76132,6
76247,6
76306,4
76446,2
76449,2
76549,4
76559,4
76702,2
76710,2
76711,2
76825,2
76904,6
77007,2
77048,2
77065,2
77067,2
77076,2
77084,2
77305,2
77339,8
77345,2
77346,8
77371,2
77381,8
77505,4
77521,2
77651,2
77857,2
78015,6
78029,2
78119,2
78210,4
78224,4
78233,8
78257,2
78264,4
78550,2
78610,16
78611,10
78703,6
78709,2
78723,8
78725,4
78753,10
78850,2
78947,4
79027,2
79119,6
79201,2
79252,2
79363,2
79401,4
79410,2
79413,2
79414,2
79510,2
79601,4
79603,6
79902,2
79907,2
79908,2
79924,4
80033,4
80107,4
80125,8
80205,6
80230,2
80301,4
80305,8
80310,2
80439,2
80603,10
80624,2
80643,2
80654,2
80809,2
80816,4
80819,2
80832,2
80908,2
80910,10
80919,10
80934,2
81007,4
81224,4
81302,2
81620,2
81639,2
82301,4
82602,2
82633,6
82902,2
83318,4
83444,2
83501,12
83655,2
83707,2
83712,4
83714,4
84108,10
84332,2
84602,2
84604,2
84735,2
85003,6
85015,16
85019,2
85083,6
85087,6
85145,2
85264,2
85268,8
85284,4
85285,2
85299,2
85344,2
85385,2
85387,8
85533,2
85613,2
85615,6
85648,4
85716,4
85718,2
85730,14
85737,8
86046,2
86429,2
87048,2
87110,12
87112,10
87154,2
87417,4
89005,2
89081,12
89120,4
89121,12
89134,10
89146,2
89169,2
89423,2
89424,2
89429,6
89503,8
89508,2
89702,2
90262,2
90732,2
91030,2
91301,4
91344,2
91356,2
91381,2
91701,4
91766,4
91932,8
91941,4
92009,8
92020,8
92027,8
92085,2
92105,2
92115,2
92122,2
92129,8
92247,2
92310,4
92337,10
92359,10
92373,10
92503,4
92506,8
92508,8
92544,6
92555,2
92571,10
92604,4
92806,4
93003,4
93021,2
93268,2
93304,4
93423,2
93433,4
93581,2
93722,6
93908,2
94024,4
94030,2
94040,4
94044,10
94070,2
94112,2
94121,2
94303,8
94401,4
94509,4
94520,4
94530,2
94556,4
94579,2
94582,8
94583,6
94585,2
94608,2
94611,12
94612,2
94619,2
94702,2
94954,8
95060,10
95062,6
95121,2
95129,2
95134,2
95203,4
95321,2
95382,4
95403,2
95425,2
95442,2
95462,2
95492,8
95626,2
95639,2
95663,2
95665,2
95691,14
95741,4
95818,2
95828,2
95864,6
95953,2
95960,2
95961,4
96795,2
97023,2
97089,8
97141,2
97206,10
97236,12
97267,4
97308,2
97351,2
97381,4
97389,2
97401,6
97424,4
97437,4
97448,2
97503,2
97701,4
98004,4
98030,2
98040,2
98045,2
98051,4
98059,6
98104,2
98117,4
98119,2
98133,4
98146,2
98203,2
98270,14
98295,2
98329,2
98390,6
98443,2
98446,2
98516,4
98528,2
98532,10
98555,2
98589,4
98607,4
98620,6
98626,6
98662,6
98665,2
98686,2
98687,2
98858,2
98902,2
99006,10
99216,4
99218,2
99344,2
99353,8
99501,2
99503,6
99676,2
10591,2
10595,2
10950,2
11104,2
11420,2
12158,2
12180,2
14032,2
14206,2
14210,2
14213,4
14217,4
14272,2
14301,4
14304,4
14425,4
14504,2
14517,2
14519,2
14559,4
14580,2
14609,4
14724,2
15009,2
15012,8
15065,2
15071,4
15089,2
15222,2
15223,2
15229,8
15423,2
15610,2
15632,4
15637,2
15668,2
15732,2
15748,4
15846,2
16053,2
16105,4
16142,4
16150,4
16365,2
16415,4
16503,4
16505,4
16866,2
17038,2
17042,4
17057,2
17059,2
17236,2
17254,2
17319,2
17350,2
17363,4
17403,2
17501,2
17505,2
17527,4
17540,8
17554,2
17560,4
17563,4
17579,2
17601,6
17740,4
17842,2
17856,2
17876,4
18017,2
18034,4
18040,2
18067,2
18103,6
18105,4
18106,2
18222,2
18301,2
18330,2
18353,4
18704,4
18812,2
18847,2
18938,4
19026,2
19027,2
19056,2
19061,2
19132,2
19135,2
19152,2
19311,2
19312,2
19352,4
19454,8
19501,2
19504,2
19526,4
19530,2
19533,2
19540,4
19541,2
19611,2
19804,6
19901,6
19958,2
19970,2
19979,2
20002,8
20639,2
20653,2
20736,2
21001,2
21045,2
21075,2
21162,4
21206,2
21663,2
21783,2
21904,4
22031,2
22044,2
22079,2
22102,4
22192,2
22202,8
22209,2
22463,2
22553,4
22625,2
22903,2
22968,2
22980,6
23009,2
23040,2
23047,2
23148,2
23168,4
23181,2
23325,2
23467,2
23502,4
23511,4
23606,4
23663,2
23701,8
23836,2
23838,10
23842,2
23846,2
24136,2
24141,2
24224,2
24244,4
24277,2
24333,2
24361,2
24501,8
24556,2
24614,2
25051,2
25054,2
25082,2
25313,2
25411,2
25422,2
25438,2
26169,4
26416,2
26426,2
26505,4
27007,2
27043,2
27045,2
27051,2
27053,2
27054,2
27101,2
27235,8
27244,2
27249,6
27299,4
27310,2
27508,2
27541,2
27549,2
27557,2
27608,4
27896,8
27932,4
27941,2
27983,2
28018,2
28034,4
28090,2
28105,6
28133,4
28137,4
28160,2
28168,6
28174,2
28203,4
28207,2
28304,2
28328,2
28390,4
28435,2
28445,2
28513,2
28539,4
28638,2
28690,2
28712,2
28716,2
28722,2
28732,2
28766,2
29032,2
29045,4
29053,4
29123,2
29129,2
29151,2
29172,4
29307,4
29353,2
29384,2
29446,4
29448,2
29576,10
29643,2
29650,4
29655,2
29853,2
30055,2
30082,4
30106,6
30122,2
30153,2
30171,2
30178,2
30183,4
30228,8
30294,2
30316,2
30317,2
30329,2
30349,2
30445,2
30504,8
30520,2
30522,2
30530,4
30536,2
30557,2
30563,2
30566,2
30622,2
30648,2
30655,2
30666,2
30733,2
31024,4
31046,4
31098,2
31220,2
31771,4
31778,2
31808,4
31831,2
32033,2
32050,2
32064,4
32081,4
32083,2
32119,2
32145,6
32163,6
32168,2
32169,2
32205,4
32209,2
32217,2
32220,4
32221,4
32234,4
32309,2
32322,2
32327,2
32408,4
32455,2
32561,2
32563,2
32686,2
32703,12
32713,4
32714,16
32750,6
32833,2
32878,2
32909,4
32937,2
32955,6
33023,2
33024,6
33062,2
33186,2
33324,2
33327,2
33330,4
33404,6
33428,4
33446,4
33455,6
33509,2
33547,4
33549,2
33592,2
33614,2
33615,4
33637,4
33702,2
33708,2
33709,2
33773,4
33782,4
33805,4
33815,2
33831,2
33860,4
33909,2
33957,2
33982,2
34104,2
34207,6
34210,2
34211,4
34228,4
34233,12
34235,4
34236,4
34276,2
34289,2
34434,2
34480,2
34607,2
34677,2
34690,6
34714,4
34731,2
34747,4
34982,4
35004,6
35046,4
35051,2
35077,6
35083,2
35128,6
35143,2
35146,4
35476,2
35601,10
35646,2
35741,2
35747,2
35748,8
35806,4
35824,2
35952,4
35959,2
36266,2
36301,4
36312,2
36362,2
36370,2
36544,2
36571,4
36608,8
36853,4
36866,2
36869,2
36877,2
37010,2
37011,2
37020,2
37032,2
37041,2
37047,2
37049,4
37080,2
37143,2
37148,4
37184,2
37204,4
37306,2
37321,2
37324,4
37342,2
37345,4
37351,2
37385,4
37615,2
37617,2
37621,2
37650,2
37701,4
37722,2
37737,4
37743,8
37777,6
37804,6
37840,4
37846,2
37861,8
37874,4
37885,2
37902,4
38015,2
38028,4
38133,4
38310,2
38340,4
38544,2
38553,2
38580,2
38610,2
39402,2
39828,4
40010,2
40033,4
40046,2
40059,6
40068,4
40078,2
40107,4
40142,2
40162,6
40206,2
40210,2
40215,4
40219,8
40311,2
40330,6
40409,2
40456,2
40464,2
40516,4
40702,2
40906,6
40972,2
41031,4
41033,2
41040,2
41056,8
41063,2
41064,2
41314,2
41655,2
42003,8
42087,2
42122,2
42276,2
42503,4
42516,2
42544,2
42553,2
42749,2
43019,2
43023,10
43025,4
43067,2
43082,6
43116,2
43127,2
43154,2
43201,8
43202,12
43203,2
43210,2
43216,2
43319,2
43321,2
43410,4
43460,2
43466,2
43516,2
43518,2
43727,2
43731,2
43756,4
43773,2
43812,6
43830,4
43832,4
44023,4
44044,2
44050,2
44052,6
44064,2
44074,4
44076,4
44084,2
44085,2
44124,2
44138,2
44141,6
44230,4
44234,2
44278,2
44286,2
44305,4
44311,4
44438,2
44512,8
44608,2
44657,2
44669,2
44675,2
44680,2
44718,8
44721,2
44813,4
44830,10
44847,2
44864,4
44880,2
44902,2
44903,6
44904,10
45001,2
45050,12
45123,2
45146,2
45148,2
45157,2
45167,6
45202,4
45249,4
45304,2
45309,2
45363,2
45382,2
45403,6
45417,8
45433,2
45648,2
45661,4
45690,8
45742,2
45744,4
45764,2
45767,2
45770,2
45810,2
45832,2
45872,2
45873,2
46040,4
46051,2
46056,2
46071,4
46111,2
46115,2
46120,2
46126,4
46150,2
46165,2
46180,2
46256,2
46322,4
46323,2
46346,2
46356,2
46403,2
46501,2
46506,2
46531,2
46540,4
46542,2
46550,4
46556,2
46613,2
46615,2
46619,2
46733,2
46740,2
46742,2
46781,2
46791,2
46794,2
46807,4
46819,4
46895,2
46910,4
46932,4
46936,2
46938,6
46994,4
47124,4
47137,4
47141,4
47143,2
47272,4
47273,2
47280,2
47326,2
47371,2
47386,2
47406,2
47456,2
47837,2
47840,4
47842,6
47874,2
47885,2
47923,2
47949,2
47967,2
47993,2
48002,6
48009,4
48015,2
48064,4
48065,2
48097,2
48131,2
48157,2
48160,2
48164,2
48198,2
48209,2
48220,10
48353,2
48377,2
48418,2
48451,2
48460,2
48612,2
48746,2
48750,2
48809,2
48820,8
48825,4
48837,4
48876,4
48895,2
48906,2
49002,2
49007,2
49057,4
49064,2
49068,6
49072,2
49073,2
49106,2
49117,2
49245,2
49254,2
49270,4
49272,2
49303,2
49322,2
49327,2
49333,4
49344,2
49403,2
49412,2
49435,4
49450,2
49455,2
49457,2
49459,2
49534,4
49629,2
49637,2
49649,2
49685,2
49722,2
49802,2
49854,2
49858,2
50000,2
50012,2
50029,2
50035,6
50122,2
50138,2
50151,2
50228,2
50313,2
50402,2
50446,2
50475,2
50533,2
50604,2
51016,2
51534,2
51601,4
52002,2
52052,4
52073,2
52205,2
52253,6
52318,2
52324,4
52328,2
52341,4
52401,2
52537,4
52540,2
52571,2
52627,4
52658,2
52730,2
52739,2
52742,2
52778,6
53042,2
53045,4
53070,4
53074,4
53086,4
53095,4
53098,4
53105,4
53114,2
53179,6
53182,2
53403,6
53503,2
53504,2
53529,2
53536,4
53537,2
53538,2
53570,2
53575,6
53589,8
53703,6
53813,2
53950,2
54001,2
54009,2
54015,2
54021,2
54130,4
54245,2
54313,4
54466,2
54624,6
54656,8
54746,2
54763,2
54771,2
54822,2
54847,2
54956,4
55009,6
55043,4
55051,8
55052,2
55066,10
55074,2
55105,2
55120,4
55320,4
55321,2
55322,2
55342,2
55353,2
55354,2
55363,6
55373,2
55390,2
55398,8
55405,2
55408,2
55409,2
55410,4
55411,4
55421,4
55436,10
55705,4
55709,2
55723,2
55768,2
55779,2
55793,2
55918,2
55940,4
55952,2
56007,4
56016,2
56017,2
56041,2
56042,4
56062,2
56087,4
56090,4
56093,2
56098,2
56214,4
56223,2
56288,2
56318,2
56328,2
56334,2
56339,2
56360,2
56381,4
56435,2
56461,4
56549,4
56572,2
56573,2
56580,2
56671,2
56727,2
56734,2
57004,4
57033,2
57235,2
57262,2
57355,2
57430,2
57551,4
57555,2
57769,2
58052,2
58105,2
58230,2
58257,4
58270,2
58782,2
58802,2
59047,4
59063,2
59072,2
59411,2
59601,4
59648,2
59711,2
59716,2
59729,2
59735,2
59911,2
60015,6
60044,2
60091,4
60106,6
60155,4
60305,2
60418,4
60449,6
60464,4
60517,4
60521,2
60531,2
60605,4
60623,2
60630,4
60660,2
61071,4
61084,2
61089,2
61260,2
61273,4
61282,2
61322,2
61342,2
61348,2
61415,2
61422,6
61440,2
61458,2
61462,2
61473,2
61483,2
61489,2
61535,2
61540,2
61616,6
61650,2
61729,4
61753,2
61755,2
61760,2
61821,6
61849,2
61875,2
61938,2
61951,2
62018,2
62207,2
62255,2
62286,2
62321,2
62454,2
62521,4
62525,2
62530,2
62535,2
62565,2
62670,2
62701,4
62881,2
62884,2
62895,2
62982,2
63013,2
63117,6
63124,6
63138,2
63304,6
63353,4
63369,2
63373,2
63624,2
63650,2
63703,2
63764,2
63787,2
64052,4
64062,6
64085,2
64109,2
64116,4
64117,4
64137,8
64146,2
64161,2
64449,4
64465,6
64628,2
64648,2
64726,2
64755,2
65231,2
65542,2
65560,2
65631,2
65644,2
65652,2
65667,2
66002,2
66018,6
66020,2
66039,2
66043,4
66067,2
66076,2
66101,4
66104,6
66106,4
66205,2
66429,2
66506,2
66509,2
66540,2
66547,2
66610,6
66611,2
66618,6
66830,2
66854,2
67010,8
67119,2
67151,2
67578,2
67878,2
68003,2
68113,2
68123,8
68135,8
68136,2
68138,6
68142,2
68152,4
68333,2
68358,2
68366,4
68372,2
68502,2
68508,2
68521,4
68649,2
68701,10
68739,2
68779,2
68801,4
68803,4
68845,6
68979,2
69034,4
69145,2
69301,2
70006,2
71260,2
71429,2
71909,4
72012,4
72016,2
72047,2
72058,2
72103,2
72118,4
72207,4
72374,2
72455,2
72703,2
72714,4
72734,2
72830,2
72843,4
72943,2
73044,2
73077,2
73109,4
73114,2
73119,4
73141,4
73145,2
73154,2
73568,2
74021,2
74033,4
74036,2
74053,2
74066,2
74101,2
74134,4
74137,4
74429,2
74525,2
74864,2
74966,2
75020,2
75060,4
75094,4
75119,4
75124,2
75148,4
75150,6
75159,4
75207,2
75218,4
75229,2
75248,4
75267,2
75432,2
75440,2
75454,2
75474,4
75701,4
75901,2
75949,2
75961,2
75964,4
76022,2
76023,4
76031,2
76043,2
76044,4
76050,4
76053,4
76078,4
76085,4
76118,2
76155,4
76259,2
76273,2
76305,2
76374,2
76457,2
76524,2
76528,2
76537,2
76539,2
76567,2
76633,2
76634,2
76681,2
76690,2
76701,2
76714,2
76933,2
77034,2
77042,2
77058,4
77059,2
77062,2
77063,4
77066,2
77074,2
77303,2
77377,4
77389,4
77401,2
77418,4
77477,2
77532,4
77551,2
77575,2
77802,4
77808,4
77865,2
78026,2
78027,2
78052,2
78118,2
78202,2
78208,2
78268,2
78382,4
78416,2
78542,4
78650,2
78653,6
78702,2
78721,2
78726,4
78729,8
78833,2
79088,2
79124,2
79331,2
79356,2
79502,2
79504,2
79607,2
79761,2
79765,2
79901,2
79906,2
80017,2
80124,2
80222,4
80246,2
80249,4
80303,8
80306,6
80452,2
80502,4
80530,2
80540,4
80545,2
80701,2
80817,4
80863,2
80903,4
80905,6
81003,2
81092,2
81124,4
81321,4
81505,4
81623,4
82240,2
82717,2
83213,2
83303,2
83328,2
83455,2
83539,2
83612,2
83644,2
83660,2
83661,2
83672,2
83804,2
83814,2
83869,2
84029,4
84036,2
84059,6
84111,2
84318,2
84337,2
84532,2
84537,2
84620,2
84629,2
84652,2
84783,2
85001,2
85034,2
85050,2
85118,2
85250,4
85257,6
85258,6
85307,8
85363,2
85552,6
85653,6
85704,6
85711,6
85732,2
85755,2
85925,2
86001,4
86005,4
86025,2
86303,6
86324,4
86325,2
86401,4
87008,2
87034,2
87043,2
87047,2
87108,8
87116,8
87413,10
87420,2
87499,2
87540,2
88011,2
88012,2
88401,2
89101,4
89104,4
89106,2
89138,8
89447,2
89519,4
89823,4
89835,2
90068,2
90265,2
90274,2
90278,4
90602,2
90706,4
90720,4
90802,2
90803,4
90808,2
91010,2
91020,2
91204,2
91304,4
91324,2
91325,2
91351,2
91362,2
91377,2
91506,2
91739,6
91752,4
91764,2
91773,2
91910,4
91913,4
91914,2
92054,8
92104,2
92113,2
92120,2
92124,6
92126,4
92154,2
92260,12
92277,6
92284,6
92365,2
92393,2
92504,2
92548,2
92581,2
92587,4
92663,2
92683,2
92703,2
92831,2
92843,2
92845,2
93202,2
93215,2
93232,2
93255,2
93307,14
93550,2
93657,2
93705,2
93710,2
93728,2
93901,2
94301,2
94304,2
94306,2
94533,4
94538,2
94541,2
94549,2
94552,2
94588,4
94598,2
94606,2
94952,2
95008,6
95076,8
95118,4
95206,2
95228,2
95316,2
95327,4
95333,2
95341,2
95351,2
95388,4
95605,2
95627,2
95633,2
95650,6
95669,4
95683,2
95685,4
95746,2
95827,4
95830,2
95946,2
95991,4
96003,4
96019,2
96141,2
96732,2
96818,2
96825,4
97024,2
97032,6
97051,6
97058,2
97116,6
97127,4
97286,2
97317,2
97411,2
97540,2
97601,4
97627,2
97918,2
98107,8
98110,2
98112,2
98122,6
98201,2
98241,2
98248,2
98266,4
98296,2
98328,6
98340,2
98360,6
98409,4
98445,6
98498,2
98502,2
98512,4
98557,2
98675,2
98685,2
98903,6
98930,2
98951,2
99016,10
99116,2
99326,2
99350,2
99403,6
99506,2
99518,2
99611,2
99615,2
99652,2
10016,2
10589,2
11510,2
11530,2
11752,2
12019,2
12065,2
12302,2
14092,2
14211,2
14485,2
15027,2
15030,2
15037,2
15042,2
15046,2
15063,2
15144,2
15212,2
15221,2
15425,2
15468,2
15620,2
15631,2
15658,2
15765,2
15824,2
16028,2
16116,2
16141,2
16249,2
16508,2
16613,2
16666,2
16749,2
16870,2
17020,2
17754,2
17830,2
18018,2
18210,2
18252,2
18434,4
18446,2
18466,2
18610,2
18901,6
18955,2
18977,2
19021,2
19030,2
19036,2
19365,2
19508,2
19555,2
19707,2
19733,2
20011,2
20111,4
20607,2
20783,2
21044,4
21053,2
21074,2
21084,2
21851,2
21853,2
21861,2
21912,2
22153,2
22542,2
23072,2
23102,2
23103,2
23117,2
23221,2
23294,2
23324,2
23508,2
23513,2
23661,2
23662,2
24053,2
24055,2
24221,2
24251,2
24266,2
24441,2
24450,2
24504,4
24523,2
24631,2
25159,2
25404,2
26033,2
26508,2
26554,2
27013,2
27017,2
27025,2
27050,2
27260,2
27317,4
27401,2
27569,2
27571,4
27607,2
27617,4
27812,2
27830,2
27863,2
27880,4
27893,4
27948,2
27958,2
28076,2
28134,2
28310,2
28384,2
28432,2
28454,2
28531,2
28678,2
29161,2
29406,2
29451,2
29479,4
29569,2
29572,2
29729,2
29847,2
30034,2
30038,2
30124,2
30165,2
30170,2
30173,2
30205,2
30220,2
30230,2
30303,2
30310,2
30521,2
30543,2
30662,2
30711,2
30752,2
30916,2
31020,2
31023,2
31032,2
31066,2
31126,2
31208,2
31321,2
31516,2
31535,2
31547,2
31639,2
31807,2
32009,2
32114,2
32128,2
32134,2
32176,2
32206,2
32235,2
32266,2
32277,2
32405,2
32643,2
32656,2
32732,2
32735,2
32736,2
32774,2
32827,2
32920,2
32926,2
32927,2
32935,2
32963,4
33025,2
33155,2
33408,2
33415,2
33462,2
33473,2
33486,2
33496,2
33573,2
33598,2
33604,2
33619,2
33778,2
33781,6
33825,2
33896,2
33907,2
33974,2
33983,4
34105,2
34109,4
34119,2
34134,2
34284,2
34461,2
34471,2
34705,2
34956,2
35091,2
35117,2
35176,2
35205,2
35404,2
35441,2
35490,2
35553,2
35580,2
35634,2
35801,2
35951,2
35956,2
36005,2
36203,2
36265,2
36271,2
36322,2
36330,2
36353,2
36502,2
36551,2
36567,2
36604,4
37061,2
37068,2
37074,2
37115,2
37138,2
37302,2
37330,2
37409,2
37690,2
37754,2
37764,2
37779,2
37824,2
37828,2
37879,2
37917,2
38068,2
38075,2
38257,2
38462,2
38488,2
38556,2
38558,2
38673,2
39840,2
39897,2
40008,2
40011,2
40050,2
40118,2
40228,2
40342,2
40729,4
40935,2
40943,2
41022,2
41092,2
41164,2
41472,2
42058,4
42130,2
42236,2
42262,2
42320,2
42716,2
43217,2
43222,2
43450,2
43521,2
43542,2
43719,2
43804,4
43805,2
43843,2
43953,2
43964,2
43971,2
43973,2
44048,2
44128,2
44287,2
44427,2
44481,2
44504,2
44621,2
44730,2
44866,2
44889,2
45121,2
45162,2
45204,2
45220,4
45347,2
45652,2
45662,2
45766,2
45775,4
45788,2
45846,2
45858,2
45874,2
46072,2
46121,2
46148,2
46231,2
46349,2
46371,2
46711,4
46721,2
46777,2
46779,2
47041,4
47165,2
47167,2
47175,2
47307,2
47338,2
47355,2
47387,2
47452,2
47546,2
47725,2
47902,2
47977,2
48022,4
48127,2
48201,2
48221,2
48226,2
48228,2
48341,2
48415,2
48732,2
48848,2
49021,2
49037,2
49071,2
49092,2
49128,2
49224,2
49267,2
49282,2
49287,2
49319,2
49329,2
49404,2
49420,2
49422,2
49451,2
49460,2
49544,2
49701,2
50009,4
50120,2
50124,2
50248,2
50312,2
50314,2
50321,2
50456,2
50459,2
51023,2
51025,2
51443,2
51453,2
51548,2
51556,2
51575,2
52060,2
52076,2
52216,2
52224,2
52241,2
52322,2
52351,2
52654,2
52749,2
52776,2
53023,2
53065,2
53097,2
53178,2
53515,2
53521,2
53557,2
53713,2
53934,2
53946,2
54101,2
54136,2
54235,6
54302,2
54474,2
54629,2
54658,2
54758,2
54801,2
54840,2
54849,2
54853,2
54856,2
54873,2
54974,2
55019,2
55046,2
55053,2
55310,2
55382,2
55418,2
55431,4
55703,2
55732,2
55741,2
55787,2
55810,2
55959,2
55992,4
56010,2
56069,2
56078,2
56239,2
56291,2
56320,2
56359,2
56362,2
56479,2
56528,2
56544,2
56547,2
57020,2
57026,2
57048,2
58045,2
58237,2
58240,2
58538,2
59427,2
59759,2
59801,6
60008,2
60020,2
60025,2
60041,4
60169,2
60190,2
60301,2
60403,2
60431,4
60471,2
60481,2
60518,2
60555,2
60603,2
60609,2
60613,2
61047,2
61051,2
61054,2
61353,2
61432,2
61465,2
61469,2
61526,2
61536,2
61705,2
61725,2
61820,2
61833,2
61937,2
62048,2
62056,2
62080,2
62206,2
62320,2
62330,2
62540,2
62548,2
62563,2
62675,2
62682,2
62694,2
62814,2
62816,2
62940,2
62949,2
62951,2
63019,2
63037,2
63056,2
63108,2
63113,2
63132,2
63135,2
63349,2
63630,2
63736,2
64051,2
64070,2
64097,2
64129,2
64445,2
64644,2
64747,2
64831,2
65020,2
65101,2
65109,2
65336,2
65605,2
65619,2
65738,2
65747,2
65754,2
65755,2
65806,2
66025,2
66040,2
66085,2
66102,2
66219,8
66220,2
66402,2
66440,2
66549,2
67053,2
67067,2
67101,2
67230,2
67349,2
67474,2
67543,2
67546,2
67637,2
67835,2
68007,2
68028,2
68066,4
68069,2
68108,2
68111,2
68118,2
68133,2
68157,2
68460,2
68776,2
70810,2
71118,2
71646,2
71929,2
71961,2
72122,2
72212,2
72396,2
72443,2
72634,2
72745,2
72956,2
73010,2
73016,2
73048,2
73075,2
73116,2
73127,2
73701,2
74114,2
74119,2
74363,2
74859,2
75001,2
75043,4
75051,2
75057,2
75082,2
75087,8
75161,2
75203,2
75205,2
75226,2
75236,2
75417,2
75428,2
75491,2
75707,2
75755,2
75757,2
75758,2
75763,2
75778,2
75783,2
75965,2
76014,4
76015,2
76073,2
76127,2
76207,4
76239,2
76431,2
76444,2
76487,2
76550,4
76692,2
76801,2
77006,2
77043,2
77091,2
77093,2
77255,2
77336,2
77399,2
77471,2
77484,2
77586,2
77801,2
77842,2
78024,2
78124,2
78204,2
78220,2
78374,2
78411,2
78516,2
78599,2
78619,2
78626,2
78657,2
78735,2
78752,2
78754,2
79106,2
79316,2
79370,2
79521,2
79562,2
79930,2
80218,4
80465,2
80520,2
80535,2
80547,2
80902,2
81120,2
81220,2
81521,2
81612,2
81615,2
82060,2
82201,2
83313,2
83333,2
83404,6
83626,2
83653,2
83706,2
83825,2
83856,2
83868,2
84017,2
84022,2
84055,2
84071,2
84104,2
84339,4
85017,2
85130,2
85135,2
85236,2
85246,2
85253,2
85337,2
85708,2
85756,2
86406,2
86514,2
87004,2
87013,2
87117,2
87410,2
87528,2
88310,2
89110,2
89704,2
90032,2
90042,2
90046,2
90201,2
90232,2
90680,2
90710,2
90805,4
90814,2
91355,2
91364,2
91755,2
91789,2
91942,2
92021,2
92025,2
92086,2
92107,2
92110,2
92130,2
92234,2
92242,2
92264,2
92315,2
92397,2
92404,2
92410,2
92502,2
92519,2
92610,2
92637,2
92672,2
92701,2
92708,4
92833,2
93117,2
93257,2
93390,2
93437,2
93451,2
93453,2
93619,2
93906,2
93924,2
94002,2
94305,2
94501,2
94515,2
94539,4
94574,2
94590,2
94595,2
95018,2
95020,2
95054,2
95066,2
95257,2
95258,2
95306,2
95372,2
95501,2
95619,2
95642,2
95693,4
95726,2
95817,2
95912,2
95917,2
96002,2
96024,2
96707,2
96786,2
97071,2
97217,4
97238,2
97392,2
97489,2
97624,2
97865,2
98031,2
98144,2
98229,2
98239,6
98240,4
98276,2
98372,2
98383,2
98408,2
98424,2
98541,4
98576,2
98591,2
98612,2
98683,2
98826,2
98831,2
99021,2
99111,2
99521,2
99687,2
99701,2
